date,cash,holdings_value,total_equity,peak_equity,drawdown
2024-04-15,1000.0,0.0,1000.0,1000.0,0.0
2024-04-16,1000.0,0.0,1000.0,1000.0,0.0
2024-04-17,0.0,999.0,999.0,1000.0,0.001
2024-04-18,170.70077985811648,842.7949419104964,1013.4957217686128,1013.4957217686128,0.0
2024-04-19,0.0,1016.6525784809623,1016.6525784809623,1016.6525784809623,0.0
2024-04-22,813.2797190347464,206.57035436535335,1019.8500734001,1019.8500734001,0.0
2024-04-23,813.2797190347464,206.102652065676,1019.3823711004223,1019.8500734001,0.0004585990743895
2024-04-24,1017.7210043053276,0.0,1017.7210043053276,1019.8500734001,0.0020876294960436
2024-04-25,0.0,1016.703283301022,1016.703283301022,1019.8500734001,0.0030855418665476
2024-04-26,1007.8087865992156,0.0,1007.8087865992156,1019.8500734001,0.0118069186000444
2024-04-29,1007.8087865992156,0.0,1007.8087865992156,1019.8500734001,0.0118069186000444
2024-04-30,5.684341886080803e-14,1006.8009778126165,1006.8009778126165,1019.8500734001,0.0127951116814443
2024-05-01,0.0,1010.6081182259762,1010.6081182259762,1019.8500734001,0.0090620723723749
2024-05-02,710.2601307327138,301.47741836398984,1011.7375490967036,1019.8500734001,0.0079546244246957
2024-05-03,710.2601307327138,303.42662581030874,1013.6867565430224,1019.8500734001,0.0060433558008476
2024-05-06,1011.8774454584355,0.0,1011.8774454584355,1019.8500734001,0.0078174509661837
2024-05-07,1011.8774454584355,0.0,1011.8774454584355,1019.8500734001,0.0078174509661837
2024-05-08,1011.8774454584355,0.0,1011.8774454584355,1019.8500734001,0.0078174509661837
2024-05-09,0.0,1010.8655680129772,1010.8655680129772,1019.8500734001,0.0088096335152176
2024-05-10,0.0,1016.2504994821924,1016.2504994821924,1019.8500734001,0.0035295128291816
2024-05-13,0.0,1020.5242905008238,1020.5242905008238,1020.5242905008238,0.0
2024-05-14,1024.798012741609,0.0,1024.798012741609,1024.798012741609,0.0
2024-05-15,1024.798012741609,0.0,1024.798012741609,1024.798012741609,0.0
2024-05-16,1024.798012741609,0.0,1024.798012741609,1024.798012741609,0.0
2024-05-17,1024.798012741609,0.0,1024.798012741609,1024.798012741609,0.0
2024-05-20,1024.798012741609,0.0,1024.798012741609,1024.798012741609,0.0
2024-05-21,1024.798012741609,0.0,1024.798012741609,1024.798012741609,0.0
2024-05-22,1024.798012741609,0.0,1024.798012741609,1024.798012741609,0.0
2024-05-23,1024.798012741609,0.0,1024.798012741609,1024.798012741609,0.0
2024-05-24,1024.798012741609,0.0,1024.798012741609,1024.798012741609,0.0
2024-05-28,1024.798012741609,0.0,1024.798012741609,1024.798012741609,0.0
2024-05-29,1024.798012741609,0.0,1024.798012741609,1024.798012741609,0.0
2024-05-30,1024.798012741609,0.0,1024.798012741609,1024.798012741609,0.0
2024-05-31,1024.798012741609,0.0,1024.798012741609,1024.798012741609,0.0
2024-06-03,1024.798012741609,0.0,1024.798012741609,1024.798012741609,0.0
2024-06-04,1024.798012741609,0.0,1024.798012741609,1024.798012741609,0.0
2024-06-05,1024.798012741609,0.0,1024.798012741609,1024.798012741609,0.0
2024-06-06,1024.798012741609,0.0,1024.798012741609,1024.798012741609,0.0
2024-06-07,1024.798012741609,0.0,1024.798012741609,1024.798012741609,0.0
2024-06-10,1024.798012741609,0.0,1024.798012741609,1024.798012741609,0.0
2024-06-11,1024.798012741609,0.0,1024.798012741609,1024.798012741609,0.0
2024-06-12,1024.798012741609,0.0,1024.798012741609,1024.798012741609,0.0
2024-06-13,1024.798012741609,0.0,1024.798012741609,1024.798012741609,0.0
2024-06-14,1024.798012741609,0.0,1024.798012741609,1024.798012741609,0.0
2024-06-17,1024.798012741609,0.0,1024.798012741609,1024.798012741609,0.0
2024-06-18,1024.798012741609,0.0,1024.798012741609,1024.798012741609,0.0
2024-06-20,1024.798012741609,0.0,1024.798012741609,1024.798012741609,0.0
2024-06-21,1.1368683772161605e-13,1023.7732147288672,1023.7732147288674,1024.798012741609,0.0009999999999999
2024-06-24,0.0,1016.8713905440396,1016.8713905440396,1024.798012741609,0.0077348141770527
2024-06-25,0.0,1018.4522678127548,1018.4522678127548,1024.798012741609,0.0061921909000169
2024-06-26,1010.0479903897904,0.0,1010.0479903897904,1024.798012741609,0.0143931020244256
2024-06-27,1010.0479903897904,0.0,1010.0479903897904,1024.798012741609,0.0143931020244256
2024-06-28,1010.0479903897904,0.0,1010.0479903897904,1024.798012741609,0.0143931020244256
2024-07-01,1010.0479903897904,0.0,1010.0479903897904,1024.798012741609,0.0143931020244256
2024-07-02,1010.0479903897904,0.0,1010.0479903897904,1024.798012741609,0.0143931020244256
2024-07-03,1010.0479903897904,0.0,1010.0479903897904,1024.798012741609,0.0143931020244256
2024-07-05,1010.0479903897904,0.0,1010.0479903897904,1024.798012741609,0.0143931020244256
2024-07-08,1010.0479903897904,0.0,1010.0479903897904,1024.798012741609,0.0143931020244256
2024-07-09,1010.0479903897904,0.0,1010.0479903897904,1024.798012741609,0.0143931020244256
2024-07-10,1010.0479903897904,0.0,1010.0479903897904,1024.798012741609,0.0143931020244256
2024-07-11,1010.0479903897904,0.0,1010.0479903897904,1024.798012741609,0.0143931020244256
2024-07-12,1010.0479903897904,0.0,1010.0479903897904,1024.798012741609,0.0143931020244256
2024-07-15,1010.0479903897904,0.0,1010.0479903897904,1024.798012741609,0.0143931020244256
2024-07-16,1010.0479903897904,0.0,1010.0479903897904,1024.798012741609,0.0143931020244256
2024-07-17,1010.0479903897904,0.0,1010.0479903897904,1024.798012741609,0.0143931020244256
2024-07-18,202.009598077958,807.2303539195204,1009.2399519974784,1024.798012741609,0.0151815875428061
2024-07-19,823.3878998280015,211.30134983953695,1034.6892496675384,1034.6892496675384,0.0
2024-07-22,1032.724012606055,0.0,1032.724012606055,1034.6892496675384,0.0018993500339493
2024-07-23,1032.724012606055,0.0,1032.724012606055,1034.6892496675384,0.0018993500339493
2024-07-24,1032.724012606055,0.0,1032.724012606055,1034.6892496675384,0.0018993500339493
2024-07-25,1032.724012606055,0.0,1032.724012606055,1034.6892496675384,0.0018993500339493
2024-07-26,1032.724012606055,0.0,1032.724012606055,1034.6892496675384,0.0018993500339493
2024-07-29,0.0,1031.6912885934491,1031.6912885934491,1034.6892496675384,0.0028974506839155
2024-07-30,1039.3123363479738,0.0,1039.3123363479738,1039.3123363479738,0.0
2024-07-31,1039.3123363479738,0.0,1039.3123363479738,1039.3123363479738,0.0
2024-08-01,5.684341886080803e-14,1038.273024011626,1038.273024011626,1039.3123363479738,0.0009999999999998
2024-08-02,600.951708772873,406.040364548076,1006.992073320949,1039.3123363479738,0.0310977382800963
2024-08-05,1013.9116219191362,0.0,1013.9116219191362,1039.3123363479738,0.0244399239193992
2024-08-06,1013.9116219191362,0.0,1013.9116219191362,1039.3123363479738,0.0244399239193992
2024-08-07,0.0,1012.897710297217,1012.897710297217,1039.3123363479738,0.0254154839954798
2024-08-08,995.5765033167012,0.0,995.5765033167012,1039.3123363479738,0.0420815105350863
2024-08-09,995.5765033167012,0.0,995.5765033167012,1039.3123363479738,0.0420815105350863
2024-08-12,995.5765033167012,0.0,995.5765033167012,1039.3123363479738,0.0420815105350863
2024-08-13,5.684341886080803e-14,994.5809268133846,994.5809268133846,1039.3123363479738,0.0430394290245512
2024-08-14,817.6507236392172,208.2540355387695,1025.9047591779868,1039.3123363479738,0.0129004310841721
2024-08-15,1029.9185121900264,0.0,1029.9185121900264,1039.3123363479738,0.0090384996207744
2024-08-16,1029.9185121900264,0.0,1029.9185121900264,1039.3123363479738,0.0090384996207744
2024-08-19,1029.9185121900264,0.0,1029.9185121900264,1039.3123363479738,0.0090384996207744
2024-08-20,5.684341886080803e-14,1028.8885936778363,1028.8885936778363,1039.3123363479738,0.0100294611211537
2024-08-21,798.9458723472288,198.1551321147896,997.1010044620184,1039.3123363479738,0.040614674154914
2024-08-22,1005.9096155813012,0.0,1005.9096155813012,1039.3123363479738,0.0321392516941019
2024-08-23,1005.9096155813012,0.0,1005.9096155813012,1039.3123363479738,0.0321392516941019
2024-08-26,0.0,1004.9037059657196,1004.9037059657196,1039.3123363479738,0.0331071124424079
2024-08-27,0.0,981.8715788229068,981.8715788229068,1039.3123363479738,0.0552680416812018
2024-08-28,0.0,1007.9078757015576,1007.9078757015576,1039.3123363479738,0.0302165764304962
2024-08-29,0.0,1103.5415513839282,1103.5415513839282,1103.5415513839282,0.0
2024-08-30,1005.3994327454716,0.0,1005.3994327454716,1103.5415513839282,0.0889337773601534
2024-09-03,1005.3994327454716,0.0,1005.3994327454716,1103.5415513839282,0.0889337773601534
2024-09-04,1005.3994327454716,0.0,1005.3994327454716,1103.5415513839282,0.0889337773601534
2024-09-05,201.07988654909423,803.5152266501809,1004.5951131992751,1103.5415513839282,0.0896626303382654
2024-09-06,1016.5494591257758,0.0,1016.5494591257758,1103.5415513839282,0.0788299200415765
2024-09-09,1016.5494591257758,0.0,1016.5494591257758,1103.5415513839282,0.0788299200415765
2024-09-10,1016.5494591257758,0.0,1016.5494591257758,1103.5415513839282,0.0788299200415765
2024-09-11,1016.5494591257758,0.0,1016.5494591257758,1103.5415513839282,0.0788299200415765
2024-09-12,1016.5494591257758,0.0,1016.5494591257758,1103.5415513839282,0.0788299200415765
2024-09-13,1016.5494591257758,0.0,1016.5494591257758,1103.5415513839282,0.0788299200415765
2024-09-16,1016.5494591257758,0.0,1016.5494591257758,1103.5415513839282,0.0788299200415765
2024-09-17,0.0,1015.53290966665,1015.53290966665,1103.5415513839282,0.079751090121535
2024-09-18,209.8994856089006,838.758344493167,1048.6578301020677,1103.5415513839282,0.0497341683356027
2024-09-19,1050.2242629011314,0.0,1050.2242629011314,1103.5415513839282,0.0483147085997194
2024-09-20,1050.2242629011314,0.0,1050.2242629011314,1103.5415513839282,0.0483147085997194
2024-09-23,1050.2242629011314,0.0,1050.2242629011314,1103.5415513839282,0.0483147085997194
2024-09-24,1050.2242629011314,0.0,1050.2242629011314,1103.5415513839282,0.0483147085997194
2024-09-25,1050.2242629011314,0.0,1050.2242629011314,1103.5415513839282,0.0483147085997194
2024-09-26,1050.2242629011314,0.0,1050.2242629011314,1103.5415513839282,0.0483147085997194
2024-09-27,1050.2242629011314,0.0,1050.2242629011314,1103.5415513839282,0.0483147085997194
2024-09-30,1050.2242629011314,0.0,1050.2242629011314,1103.5415513839282,0.0483147085997194
2024-10-01,5.684341886080803e-14,1049.1740386382305,1049.1740386382305,1103.5415513839282,0.0492663938911197
2024-10-02,838.4012221048681,208.61648036508137,1047.0177024699494,1103.5415513839282,0.0512204083689403
2024-10-03,5.684341886080803e-14,1049.271997649302,1049.271997649302,1103.5415513839282,0.0491776260409659
2024-10-04,620.6377288896531,417.28255703140906,1037.9202859210625,1103.5415513839282,0.0594642452570741
2024-10-07,1052.9945577247966,0.0,1052.9945577247966,1103.5415513839282,0.0458043411194999
2024-10-08,0.0,1051.9415631670718,1051.9415631670718,1103.5415513839282,0.0467585367783804
2024-10-09,0.0,1072.146686903322,1072.146686903322,1103.5415513839282,0.0284491910986356
2024-10-10,1053.739808523744,0.0,1053.739808523744,1103.5415513839282,0.0451290146689347
2024-10-11,1053.739808523744,0.0,1053.739808523744,1103.5415513839282,0.0451290146689347
2024-10-14,1053.739808523744,0.0,1053.739808523744,1103.5415513839282,0.0451290146689347
2024-10-15,1.1368683772161605e-13,1052.6860687152202,1052.6860687152202,1103.5415513839282,0.0460838856542657
2024-10-16,1052.652228382758,0.0,1052.652228382758,1103.5415513839282,0.0461145508634006
2024-10-17,1052.652228382758,0.0,1052.652228382758,1103.5415513839282,0.0461145508634006
2024-10-18,1052.652228382758,0.0,1052.652228382758,1103.5415513839282,0.0461145508634006
2024-10-21,0.0,1051.5995761543752,1051.5995761543752,1103.5415513839282,0.0470684363125372
2024-10-22,1044.0382992391428,0.0,1044.0382992391428,1103.5415513839282,0.0539202643254924
2024-10-23,1044.0382992391428,0.0,1044.0382992391428,1103.5415513839282,0.0539202643254924
2024-10-24,1044.0382992391428,0.0,1044.0382992391428,1103.5415513839282,0.0539202643254924
2024-10-25,5.684341886080803e-14,1042.9942609399038,1042.9942609399038,1103.5415513839282,0.0548663440611668
2024-10-28,1043.2184591429825,0.0,1043.2184591429825,1103.5415513839282,0.0546631816131399
2024-10-29,1043.2184591429825,0.0,1043.2184591429825,1103.5415513839282,0.0546631816131399
2024-10-30,0.0,1042.175240683839,1042.175240683839,1103.5415513839282,0.0556085184315268
2024-10-31,0.0,1037.751325943455,1037.751325943455,1103.5415513839282,0.0596173522944986
2024-11-01,1011.1475820694294,0.0,1011.1475820694294,1103.5415513839282,0.0837249573417779
2024-11-04,0.0,1010.13643448736,1010.13643448736,1103.5415513839282,0.084641232384436
2024-11-05,1157.9828456818532,0.0,1157.9828456818532,1157.9828456818532,0.0
2024-11-06,1157.9828456818532,0.0,1157.9828456818532,1157.9828456818532,0.0
2024-11-07,1157.9828456818532,0.0,1157.9828456818532,1157.9828456818532,0.0
2024-11-08,1157.9828456818532,0.0,1157.9828456818532,1157.9828456818532,0.0
2024-11-11,1157.9828456818532,0.0,1157.9828456818532,1157.9828456818532,0.0
2024-11-12,0.0,1156.8248628361714,1156.8248628361714,1157.9828456818532,0.0009999999999999
2024-11-13,1123.181377549287,0.0,1123.181377549287,1157.9828456818532,0.0300535264942324
2024-11-14,0.0,1122.0581961717376,1122.0581961717376,1157.9828456818532,0.0310234729677382
2024-11-15,1152.3483340132566,0.0,1152.3483340132566,1157.9828456818532,0.004865798910241
2024-11-18,1152.3483340132566,0.0,1152.3483340132566,1157.9828456818532,0.004865798910241
2024-11-19,1152.3483340132566,0.0,1152.3483340132566,1157.9828456818532,0.004865798910241
2024-11-20,1152.3483340132566,0.0,1152.3483340132566,1157.9828456818532,0.004865798910241
2024-11-21,1152.3483340132566,0.0,1152.3483340132566,1157.9828456818532,0.004865798910241
2024-11-22,1152.3483340132566,0.0,1152.3483340132566,1157.9828456818532,0.004865798910241
2024-11-25,1152.3483340132566,0.0,1152.3483340132566,1157.9828456818532,0.004865798910241
2024-11-26,1152.3483340132566,0.0,1152.3483340132566,1157.9828456818532,0.004865798910241
2024-11-27,1152.3483340132566,0.0,1152.3483340132566,1157.9828456818532,0.004865798910241
2024-11-29,1152.3483340132566,0.0,1152.3483340132566,1157.9828456818532,0.004865798910241
2024-12-02,1152.3483340132566,0.0,1152.3483340132566,1157.9828456818532,0.004865798910241
2024-12-03,1152.3483340132566,0.0,1152.3483340132566,1157.9828456818532,0.004865798910241
2024-12-04,1152.3483340132566,0.0,1152.3483340132566,1157.9828456818532,0.004865798910241
2024-12-05,1152.3483340132566,0.0,1152.3483340132566,1157.9828456818532,0.004865798910241
2024-12-06,1152.3483340132566,0.0,1152.3483340132566,1157.9828456818532,0.004865798910241
2024-12-09,0.0,1151.1959856792432,1151.1959856792432,1157.9828456818532,0.0058609331113309
2024-12-10,0.0,1154.3718862003825,1154.3718862003825,1157.9828456818532,0.0031183186304842
2024-12-11,1143.7466686681034,0.0,1143.7466686681034,1157.9828456818532,0.012293944652839
2024-12-12,1143.7466686681034,0.0,1143.7466686681034,1157.9828456818532,0.012293944652839
2024-12-13,1143.7466686681034,0.0,1143.7466686681034,1157.9828456818532,0.012293944652839
2024-12-16,1143.7466686681034,0.0,1143.7466686681034,1157.9828456818532,0.012293944652839
2024-12-17,1143.7466686681034,0.0,1143.7466686681034,1157.9828456818532,0.012293944652839
2024-12-18,1143.7466686681034,0.0,1143.7466686681034,1157.9828456818532,0.012293944652839
2024-12-19,1143.7466686681034,0.0,1143.7466686681034,1157.9828456818532,0.012293944652839
2024-12-20,1143.7466686681034,0.0,1143.7466686681034,1157.9828456818532,0.012293944652839
2024-12-23,1143.7466686681034,0.0,1143.7466686681034,1157.9828456818532,0.012293944652839
2024-12-24,1143.7466686681034,0.0,1143.7466686681034,1157.9828456818532,0.012293944652839
2024-12-26,1143.7466686681034,0.0,1143.7466686681034,1157.9828456818532,0.012293944652839
2024-12-27,1143.7466686681034,0.0,1143.7466686681034,1157.9828456818532,0.012293944652839
2024-12-30,1143.7466686681034,0.0,1143.7466686681034,1157.9828456818532,0.012293944652839
2024-12-31,1143.7466686681034,0.0,1143.7466686681034,1157.9828456818532,0.012293944652839
2025-01-02,1143.7466686681034,0.0,1143.7466686681034,1157.9828456818532,0.012293944652839
2025-01-03,1143.7466686681034,0.0,1143.7466686681034,1157.9828456818532,0.012293944652839
2025-01-06,1143.7466686681034,0.0,1143.7466686681034,1157.9828456818532,0.012293944652839
2025-01-07,1143.7466686681034,0.0,1143.7466686681034,1157.9828456818532,0.012293944652839
2025-01-08,381.2488895560344,761.7352813329569,1142.9841708889912,1157.9828456818532,0.0129524153564039
2025-01-10,0.0,1145.1695997582692,1145.1695997582692,1157.9828456818532,0.0110651431248441
2025-01-13,1134.77526982083,0.0,1134.77526982083,1157.9828456818532,0.0200413813965938
2025-01-14,0.0,1133.6404945510092,1133.6404945510092,1157.9828456818532,0.0210213400151973
2025-01-15,1137.9012180764846,0.0,1137.9012180764846,1157.9828456818532,0.0173419042261752
2025-01-16,0.0,1136.763316858408,1136.763316858408,1157.9828456818532,0.0183245623219492
2025-01-17,458.7650722648826,687.1273906032129,1145.8924628680954,1157.9828456818532,0.0104408997584403
2025-01-21,1148.8913217138636,0.0,1148.8913217138636,1157.9828456818532,0.0078511732724643
2025-01-22,0.0,1147.7424303921498,1147.7424303921498,1157.9828456818532,0.0088433220991918
2025-01-23,0.0,1134.9145797758235,1134.9145797758235,1157.9828456818532,0.0199210774080564
2025-01-24,1162.1389809602404,0.0,1162.1389809602404,1162.1389809602404,0.0
2025-01-27,1162.1389809602404,0.0,1162.1389809602404,1162.1389809602404,0.0
2025-01-28,1162.1389809602404,0.0,1162.1389809602404,1162.1389809602404,0.0
2025-01-29,1162.1389809602404,0.0,1162.1389809602404,1162.1389809602404,0.0
2025-01-30,1162.1389809602404,0.0,1162.1389809602404,1162.1389809602404,0.0
2025-01-31,0.0,1160.9768419792802,1160.9768419792802,1162.1389809602404,0.0009999999999999
2025-02-03,1179.14467556076,0.0,1179.14467556076,1179.14467556076,0.0
2025-02-04,1179.14467556076,0.0,1179.14467556076,1179.14467556076,0.0
2025-02-05,0.0,1177.965530885199,1177.965530885199,1179.14467556076,0.001
2025-02-06,1171.6799521442397,0.0,1171.6799521442397,1179.14467556076,0.0063306255553165
2025-02-07,1171.6799521442397,0.0,1171.6799521442397,1179.14467556076,0.0063306255553165
2025-02-10,292.9199880360598,877.8812041440717,1170.8011921801317,1179.14467556076,0.0070758775861501
2025-02-11,890.4154351874406,294.89556494764946,1185.31100013509,1185.31100013509,0.0
2025-02-12,1186.307604149137,0.0,1186.307604149137,1186.307604149137,0.0
2025-02-13,1186.307604149137,0.0,1186.307604149137,1186.307604149137,0.0
2025-02-14,0.0,1185.121296544988,1185.121296544988,1186.307604149137,0.0009999999999999
2025-02-18,1182.4923661325702,0.0,1182.4923661325702,1186.307604149137,0.0032160613345332
2025-02-19,236.498473226514,945.04789901315,1181.546372239664,1186.307604149137,0.0040134884854657
2025-02-20,1154.6518530590356,0.0,1154.6518530590356,1186.307604149137,0.0266842688855611
2025-02-21,1154.6518530590356,0.0,1154.6518530590356,1186.307604149137,0.0266842688855611
2025-02-24,0.0,1153.4972012059766,1153.4972012059766,1186.307604149137,0.0276575846166755
2025-02-25,0.0,1154.238440846124,1154.238440846124,1186.307604149137,0.027032755409179
2025-02-26,0.0,1143.255868819875,1143.255868819875,1186.307604149137,0.0362905330613133
2025-02-27,0.0,1186.2674240778708,1186.2674240778708,1186.307604149137,3.3869858985661955e-05
2025-02-28,1144.298234232315,0.0,1144.298234232315,1186.307604149137,0.035411869375104
2025-03-03,5.684341886080803e-14,1143.1539359980827,1143.1539359980827,1186.307604149137,0.036376457505729
2025-03-04,1167.7734378478483,0.0,1167.7734378478483,1186.307604149137,0.0156234068098906
2025-03-05,1167.7734378478483,0.0,1167.7734378478483,1186.307604149137,0.0156234068098906
2025-03-06,1167.7734378478483,0.0,1167.7734378478483,1186.307604149137,0.0156234068098906
2025-03-07,5.684341886080803e-14,1166.6056644100004,1166.6056644100004,1186.307604149137,0.0166077834030808
2025-03-10,0.0,1142.5913042146967,1142.5913042146967,1186.307604149137,0.0368507289184875
2025-03-11,0.0,1229.358444909824,1229.358444909824,1229.358444909824,0.0
2025-03-12,0.0,1192.639710929031,1192.639710929031,1229.358444909824,0.0298682081965819
2025-03-13,1237.4852203602395,0.0,1237.4852203602395,1237.4852203602395,0.0
2025-03-14,1237.4852203602395,0.0,1237.4852203602395,1237.4852203602395,0.0
2025-03-17,1237.4852203602395,0.0,1237.4852203602395,1237.4852203602395,0.0
2025-03-18,0.0,1236.2477351398795,1236.2477351398795,1237.4852203602395,0.0009999999999999
2025-03-19,1223.1948796033732,0.0,1223.1948796033732,1237.4852203602395,0.0115478880246395
2025-03-20,5.684341886080803e-14,1221.9716847237698,1221.9716847237698,1237.4852203602395,0.0125363401366149
2025-03-21,990.8335323823114,243.99136921452904,1234.8249015968404,1237.4852203602395,0.0021497782111893
2025-03-24,1234.379647041723,0.0,1234.379647041723,1237.4852203602395,0.0025095841691043
2025-03-25,0.0,1233.1452673946812,1233.1452673946812,1237.4852203602395,0.0035070745849353
2025-03-26,1214.9753696268842,0.0,1214.9753696268842,1237.4852203602395,0.0181899956161114
2025-03-27,5.684341886080803e-14,1213.7603942572573,1213.7603942572573,1237.4852203602395,0.0191718056204954
2025-03-28,1225.9831140270544,0.0,1225.9831140270544,1237.4852203602395,0.0092947423887915
2025-03-31,0.0,1224.7571309130274,1224.7571309130274,1237.4852203602395,0.0102854476464027
2025-04-01,0.0,1229.8482001041136,1229.8482001041136,1237.4852203602395,0.0061714032058523
2025-04-02,1161.3562747763317,0.0,1161.3562747763317,1237.4852203602395,0.0615190745969042
2025-04-03,232.27125495526627,928.1559348012444,1160.4271897565104,1237.4852203602395,0.0622698593372268
2025-04-04,1152.9522467041718,0.0,1152.9522467041718,1237.4852203602395,0.0683102895010413
2025-04-07,1152.9522467041718,0.0,1152.9522467041718,1237.4852203602395,0.0683102895010413
2025-04-08,1152.9522467041718,0.0,1152.9522467041718,1237.4852203602395,0.0683102895010413
2025-04-09,1152.9522467041718,0.0,1152.9522467041718,1237.4852203602395,0.0683102895010413
2025-04-10,5.684341886080803e-14,1151.7992944574676,1151.7992944574676,1237.4852203602395,0.0692419792115403
2025-04-11,232.96613425001,930.93267246304,1163.89880671305,1237.4852203602395,0.0594644787965775
2025-04-14,924.3894435327302,226.53223087809775,1150.921674410828,1237.4852203602395,0.0699511755980508
2025-04-15,1146.338234540386,0.0,1146.338234540386,1237.4852203602395,0.0736550096277678
2025-04-16,1146.338234540386,0.0,1146.338234540386,1237.4852203602395,0.0736550096277678
2025-04-17,5.684341886080803e-14,1145.1918963058456,1145.1918963058456,1237.4852203602395,0.0745813546181399
2025-04-21,235.02681373226244,937.9847446616144,1173.0115583938768,1237.4852203602395,0.0521005511060521
2025-04-22,1199.5785005839675,0.0,1199.5785005839675,1237.4852203602395,0.0306320585915663
2025-04-23,1199.5785005839675,0.0,1199.5785005839675,1237.4852203602395,0.0306320585915663
2025-04-24,1199.5785005839675,0.0,1199.5785005839675,1237.4852203602395,0.0306320585915663
2025-04-25,5.684341886080803e-14,1198.3789220833837,1198.3789220833837,1237.4852203602395,0.0316014265329746
2025-04-28,728.8238674349677,478.4679606062965,1207.291828041264,1237.4852203602395,0.0243989922644782
2025-04-29,728.8238674349677,482.9811928419186,1211.8050602768865,1237.4852203602395,0.0207518923546237
2025-04-30,5.684341886080803e-14,1202.7246437311817,1202.7246437311817,1237.4852203602395,0.0280896903309594
2025-05-01,244.8037027994975,981.9267846905246,1226.730487490022,1237.4852203602395,0.0086907970238923
2025-05-02,1222.6056059054097,0.0,1222.6056059054097,1237.4852203602395,0.0120240744778337
2025-05-05,0.0,1221.383000299504,1221.383000299504,1237.4852203602395,0.013012050403356
2025-05-06,244.82638467931304,978.3262331785352,1223.1526178578483,1237.4852203602395,0.0115820393379882
2025-05-07,988.8787907320724,245.8431386443388,1234.7219293764113,1237.4852203602395,0.0022329890800829
2025-05-08,1.1368683772161605e-13,1243.0622027809295,1243.06220278093,1243.06220278093,0.0
2025-05-09,5.684341886080803e-14,1284.0866112675235,1284.0866112675235,1284.0866112675235,0.0
2025-05-12,1305.4040450397897,0.0,1305.4040450397897,1305.4040450397897,0.0
2025-05-13,0.0,1304.0986409947495,1304.0986409947495,1305.4040450397897,0.0010000000000001
2025-05-14,1048.2523972120505,266.93578307080446,1315.188180282855,1315.188180282855,0.0
2025-05-15,1.1368683772161605e-13,1316.6706864596017,1316.6706864596017,1316.6706864596017,0.0
2025-05-16,1319.647572744127,0.0,1319.647572744127,1319.647572744127,0.0
2025-05-19,1319.647572744127,0.0,1319.647572744127,1319.647572744127,0.0
2025-05-20,1319.647572744127,0.0,1319.647572744127,1319.647572744127,0.0
2025-05-21,1319.647572744127,0.0,1319.647572744127,1319.647572744127,0.0
2025-05-22,1319.647572744127,0.0,1319.647572744127,1319.647572744127,0.0
2025-05-23,1319.647572744127,0.0,1319.647572744127,1319.647572744127,0.0
2025-05-27,1319.647572744127,0.0,1319.647572744127,1319.647572744127,0.0
2025-05-28,1319.647572744127,0.0,1319.647572744127,1319.647572744127,0.0
2025-05-29,1319.647572744127,0.0,1319.647572744127,1319.647572744127,0.0
2025-05-30,1319.647572744127,0.0,1319.647572744127,1319.647572744127,0.0
2025-06-02,1319.647572744127,0.0,1319.647572744127,1319.647572744127,0.0
2025-06-03,1319.647572744127,0.0,1319.647572744127,1319.647572744127,0.0
2025-06-04,1319.647572744127,0.0,1319.647572744127,1319.647572744127,0.0
2025-06-05,1319.647572744127,0.0,1319.647572744127,1319.647572744127,0.0
2025-06-06,1319.647572744127,0.0,1319.647572744127,1319.647572744127,0.0
2025-06-09,1319.647572744127,0.0,1319.647572744127,1319.647572744127,0.0
2025-06-10,1319.647572744127,0.0,1319.647572744127,1319.647572744127,0.0
2025-06-11,1.1368683772161605e-13,1318.327925171383,1318.327925171383,1319.647572744127,0.0009999999999999
2025-06-12,1296.7697134506998,0.0,1296.7697134506998,1319.647572744127,0.0173363402213927
2025-06-13,1296.7697134506998,0.0,1296.7697134506998,1319.647572744127,0.0173363402213927
2025-06-16,1296.7697134506998,0.0,1296.7697134506998,1319.647572744127,0.0173363402213927
2025-06-17,1296.7697134506998,0.0,1296.7697134506998,1319.647572744127,0.0173363402213927
2025-06-18,1296.7697134506998,0.0,1296.7697134506998,1319.647572744127,0.0173363402213927
2025-06-20,1296.7697134506998,0.0,1296.7697134506998,1319.647572744127,0.0173363402213927
2025-06-23,1296.7697134506998,0.0,1296.7697134506998,1319.647572744127,0.0173363402213927
2025-06-24,1296.7697134506998,0.0,1296.7697134506998,1319.647572744127,0.0173363402213927
2025-06-25,259.35394269013983,1036.3783549897992,1295.732297679939,1319.647572744127,0.0181224711492158
2025-06-26,1063.886456127603,264.651132855182,1328.5375889827849,1328.5375889827849,0.0
2025-06-27,1330.7191530132868,0.0,1330.7191530132868,1330.7191530132868,0.0
2025-06-30,1330.7191530132868,0.0,1330.7191530132868,1330.7191530132868,0.0
2025-07-01,0.0,1329.3884338602736,1329.3884338602736,1330.7191530132868,0.0009999999999999
2025-07-02,1331.0066099125352,0.0,1331.0066099125352,1331.0066099125352,0.0
2025-07-03,0.0,1329.675603302623,1329.675603302623,1331.0066099125352,0.0009999999999999
2025-07-07,1345.7972067695268,0.0,1345.7972067695268,1345.7972067695268,0.0
2025-07-08,1345.7972067695268,0.0,1345.7972067695268,1345.7972067695268,0.0
2025-07-09,1345.7972067695268,0.0,1345.7972067695268,1345.7972067695268,0.0
2025-07-10,1345.7972067695268,0.0,1345.7972067695268,1345.7972067695268,0.0
2025-07-11,1.1368683772161605e-13,1344.4514095627574,1344.4514095627574,1345.7972067695268,0.0009999999999999
2025-07-14,799.1574181605989,526.2190732643362,1325.376491424935,1345.7972067695268,0.0151736942548796
2025-07-15,1060.5489669152937,260.7926855612779,1321.3416524765714,1345.7972067695268,0.0181717974817758
2025-07-16,1321.776430690579,0.0,1321.776430690579,1345.7972067695268,0.0178487337899947
2025-07-17,1321.776430690579,0.0,1321.776430690579,1345.7972067695268,0.0178487337899947
2025-07-18,1321.776430690579,0.0,1321.776430690579,1345.7972067695268,0.0178487337899947
2025-07-21,1321.776430690579,0.0,1321.776430690579,1345.7972067695268,0.0178487337899947
2025-07-22,0.0,1320.4546542598885,1320.4546542598885,1345.7972067695268,0.0188308850562047
2025-07-23,1308.7194229446322,0.0,1308.7194229446322,1345.7972067695268,0.0275507956461707
2025-07-24,1308.7194229446322,0.0,1308.7194229446322,1345.7972067695268,0.0275507956461707
2025-07-25,1308.7194229446322,0.0,1308.7194229446322,1345.7972067695268,0.0275507956461707
2025-07-28,1308.7194229446322,0.0,1308.7194229446322,1345.7972067695268,0.0275507956461707
2025-07-29,1308.7194229446322,0.0,1308.7194229446322,1345.7972067695268,0.0275507956461707
2025-07-30,1308.7194229446322,0.0,1308.7194229446322,1345.7972067695268,0.0275507956461707
2025-07-31,1308.7194229446322,0.0,1308.7194229446322,1345.7972067695268,0.0275507956461707
2025-08-01,0.0,1307.4107035216875,1307.4107035216875,1345.7972067695268,0.0285232448505246
2025-08-04,1290.665887897159,0.0,1290.665887897159,1345.7972067695268,0.0409655471084724
2025-08-05,1290.665887897159,0.0,1290.665887897159,1345.7972067695268,0.0409655471084724
2025-08-06,1290.665887897159,0.0,1290.665887897159,1345.7972067695268,0.0409655471084724
2025-08-07,1290.665887897159,0.0,1290.665887897159,1345.7972067695268,0.0409655471084724
2025-08-08,322.66647197428966,967.0314165069464,1289.697888481236,1345.7972067695268,0.0416848229481412
2025-08-11,0.0,1320.6705620536536,1320.6705620536536,1345.7972067695268,0.018670453906044
2025-08-12,993.4390365906258,339.1531747011033,1332.5922112917292,1345.7972067695268,0.0098120247325339
2025-08-13,0.0,1332.3357420537889,1332.3357420537889,1345.7972067695268,0.0100025952261047
2025-08-14,1326.013235048228,0.0,1326.013235048228,1345.7972067695268,0.014700559357519
2025-08-15,1326.013235048228,0.0,1326.013235048228,1345.7972067695268,0.014700559357519
2025-08-18,1326.013235048228,0.0,1326.013235048228,1345.7972067695268,0.014700559357519
2025-08-19,0.0,1324.6872218131798,1324.6872218131798,1345.7972067695268,0.0156858587981615
2025-08-20,660.5568894091191,653.7417209373392,1314.2986103464582,1345.7972067695268,0.023405158120872
2025-08-21,1320.9832491741222,0.0,1320.9832491741222,1345.7972067695268,0.018438110489892
2025-08-22,1320.9832491741222,0.0,1320.9832491741222,1345.7972067695268,0.018438110489892
2025-08-25,0.0,1319.662265924948,1319.662265924948,1345.7972067695268,0.0194196723794021
2025-08-26,1322.2354510710782,0.0,1322.2354510710782,1345.7972067695268,0.0175076568593916
2025-08-27,1322.2354510710782,0.0,1322.2354510710782,1345.7972067695268,0.0175076568593916
2025-08-28,1322.2354510710782,0.0,1322.2354510710782,1345.7972067695268,0.0175076568593916
2025-08-29,1322.2354510710782,0.0,1322.2354510710782,1345.7972067695268,0.0175076568593916
2025-09-02,1322.2354510710782,0.0,1322.2354510710782,1345.7972067695268,0.0175076568593916
2025-09-03,1322.2354510710782,0.0,1322.2354510710782,1345.7972067695268,0.0175076568593916
2025-09-04,1322.2354510710782,0.0,1322.2354510710782,1345.7972067695268,0.0175076568593916
2025-09-05,1322.2354510710782,0.0,1322.2354510710782,1345.7972067695268,0.0175076568593916
2025-09-08,1322.2354510710782,0.0,1322.2354510710782,1345.7972067695268,0.0175076568593916
2025-09-09,1322.2354510710782,0.0,1322.2354510710782,1345.7972067695268,0.0175076568593916
2025-09-10,1322.2354510710782,0.0,1322.2354510710782,1345.7972067695268,0.0175076568593916
2025-09-11,1322.2354510710782,0.0,1322.2354510710782,1345.7972067695268,0.0175076568593916
2025-09-12,0.0,1320.9132156200071,1320.9132156200071,1345.7972067695268,0.0184901492025322
2025-09-15,1298.285841281581,0.0,1298.285841281581,1345.7972067695268,0.0353035102532222
2025-09-16,1298.285841281581,0.0,1298.285841281581,1345.7972067695268,0.0353035102532222
2025-09-17,1298.285841281581,0.0,1298.285841281581,1345.7972067695268,0.0353035102532222
2025-09-18,1298.285841281581,0.0,1298.285841281581,1345.7972067695268,0.0353035102532222
2025-09-19,1298.285841281581,0.0,1298.285841281581,1345.7972067695268,0.0353035102532222
2025-09-22,1298.285841281581,0.0,1298.285841281581,1345.7972067695268,0.0353035102532222
2025-09-23,1.1368683772161605e-13,1296.9875554402993,1296.9875554402993,1345.7972067695268,0.0362682067429691
2025-09-24,0.0,1291.707371613125,1291.707371613125,1345.7972067695268,0.040191668465593
2025-09-25,0.0,1291.385134221946,1291.385134221946,1345.7972067695268,0.0404311082486138
2025-09-26,1292.502840231525,0.0,1292.502840231525,1345.7972067695268,0.0396005923254444
2025-09-29,1292.502840231525,0.0,1292.502840231525,1345.7972067695268,0.0396005923254444
2025-09-30,1292.502840231525,0.0,1292.502840231525,1345.7972067695268,0.0396005923254444
2025-10-01,258.50056804630486,1032.9682699130346,1291.4688379593397,1345.7972067695268,0.0403689118515842
2025-10-02,1295.232539974615,0.0,1295.232539974615,1345.7972067695268,0.0375722780078344
2025-10-03,1295.232539974615,0.0,1295.232539974615,1345.7972067695268,0.0375722780078344
2025-10-06,1295.232539974615,0.0,1295.232539974615,1345.7972067695268,0.0375722780078344
2025-10-07,1295.232539974615,0.0,1295.232539974615,1345.7972067695268,0.0375722780078344
2025-10-08,0.0,1293.9373074346404,1293.9373074346404,1345.7972067695268,0.0385347057298266
2025-10-09,0.0,1292.2389468589329,1292.2389468589329,1345.7972067695268,0.0397966793519776
2025-10-10,1333.701073372761,0.0,1333.701073372761,1345.7972067695268,0.0089880803258627
2025-10-13,0.0,1332.367372299388,1332.367372299388,1345.7972067695268,0.0099790922455368
2025-10-14,1347.6392356246686,0.0,1347.6392356246686,1347.6392356246686,0.0
2025-10-15,1347.6392356246686,0.0,1347.6392356246686,1347.6392356246686,0.0
2025-10-16,1347.6392356246686,0.0,1347.6392356246686,1347.6392356246686,0.0
2025-10-17,0.0,1346.291596389044,1346.291596389044,1347.6392356246686,0.001
2025-10-20,0.0,1326.5715303317486,1326.5715303317486,1347.6392356246686,0.0156330453551647
2025-10-21,1311.4858506693347,0.0,1311.4858506693347,1347.6392356246686,0.0268271982587207
2025-10-22,1311.4858506693347,0.0,1311.4858506693347,1347.6392356246686,0.0268271982587207
2025-10-23,0.0,1310.1743648186653,1310.1743648186653,1347.6392356246686,0.0278003710604621
2025-10-24,1299.9484440772308,0.0,1299.9484440772308,1347.6392356246686,0.0353883964541384
2025-10-27,1299.9484440772308,0.0,1299.9484440772308,1347.6392356246686,0.0353883964541384
2025-10-28,0.0,1298.6484956331535,1298.6484956331535,1347.6392356246686,0.0363530080576842
2025-10-29,1.1368683772161605e-13,1299.034329856536,1299.0343298565365,1347.6392356246686,0.0360667042657025
2025-10-30,0.0,1304.6340840439218,1304.6340840439218,1347.6392356246686,0.0319114718864746
2025-10-31,1274.3948833442976,0.0,1274.3948833442976,1347.6392356246686,0.0543501185956642
2025-11-03,0.0,1273.1204884609533,1273.1204884609533,1347.6392356246686,0.0552957684770685
2025-11-04,1296.1167361192329,0.0,1296.1167361192329,1347.6392356246686,0.0382316707197631
2025-11-05,1296.1167361192329,0.0,1296.1167361192329,1347.6392356246686,0.0382316707197631
2025-11-06,1296.1167361192329,0.0,1296.1167361192329,1347.6392356246686,0.0382316707197631
2025-11-07,1296.1167361192329,0.0,1296.1167361192329,1347.6392356246686,0.0382316707197631
2025-11-10,1296.1167361192329,0.0,1296.1167361192329,1347.6392356246686,0.0382316707197631
2025-11-11,1296.1167361192329,0.0,1296.1167361192329,1347.6392356246686,0.0382316707197631
2025-11-12,1296.1167361192329,0.0,1296.1167361192329,1347.6392356246686,0.0382316707197631
2025-11-13,1296.1167361192329,0.0,1296.1167361192329,1347.6392356246686,0.0382316707197631
2025-11-14,0.0,1294.8206193831136,1294.8206193831136,1347.6392356246686,0.0391934390490434
2025-11-17,0.0,1298.5309046115,1298.5309046115,1347.6392356246686,0.0364402651058206
2025-11-18,0.0,1325.5578192272385,1325.5578192272385,1347.6392356246686,0.0163852578744451
2025-11-19,1298.7580094025288,0.0,1298.7580094025288,1347.6392356246686,0.036271744640532
2025-11-20,0.0,1297.459251393126,1297.459251393126,1347.6392356246686,0.0372354728958916
2025-11-21,773.2827158381078,513.8672321706789,1287.1499480087869,1347.6392356246686,0.0448853714086494
2025-11-24,0.0,1292.3674992787087,1292.3674992787087,1347.6392356246686,0.0410137482531368
2025-11-25,0.0,1331.9549417568123,1331.9549417568123,1347.6392356246686,0.0116383476031596
2025-11-26,253.14243417739783,1062.474143219639,1315.616577397037,1347.6392356246686,0.0237620405974513
2025-11-28,1309.2457597457285,0.0,1309.2457597457285,1347.6392356246686,0.0284894316401702
2025-12-01,1309.2457597457285,0.0,1309.2457597457285,1347.6392356246686,0.0284894316401702
2025-12-02,1309.2457597457285,0.0,1309.2457597457285,1347.6392356246686,0.0284894316401702
2025-12-03,1309.2457597457285,0.0,1309.2457597457285,1347.6392356246686,0.0284894316401702
2025-12-04,0.0,1307.9365139859826,1307.9365139859826,1347.6392356246686,0.02946094220853
2025-12-05,1278.0653172709522,0.0,1278.0653172709522,1347.6392356246686,0.0516265158467777
2025-12-08,1278.0653172709522,0.0,1278.0653172709522,1347.6392356246686,0.0516265158467777
2025-12-09,1278.0653172709522,0.0,1278.0653172709522,1347.6392356246686,0.0516265158467777
2025-12-10,1278.0653172709522,0.0,1278.0653172709522,1347.6392356246686,0.0516265158467777
2025-12-11,1278.0653172709522,0.0,1278.0653172709522,1347.6392356246686,0.0516265158467777
2025-12-12,0.0,1276.787251953681,1276.787251953681,1347.6392356246686,0.052574889330931
2025-12-15,0.0,1287.680221289027,1287.680221289027,1347.6392356246686,0.0444918882966841
2025-12-16,0.0,1290.6757930503998,1290.6757930503998,1347.6392356246686,0.0422690591580057
2025-12-17,1278.639095385186,0.0,1278.639095385186,1347.6392356246686,0.0512007504794108
2025-12-18,1278.639095385186,0.0,1278.639095385186,1347.6392356246686,0.0512007504794108
2025-12-19,1278.639095385186,0.0,1278.639095385186,1347.6392356246686,0.0512007504794108
2025-12-22,1278.639095385186,0.0,1278.639095385186,1347.6392356246686,0.0512007504794108
2025-12-23,1278.639095385186,0.0,1278.639095385186,1347.6392356246686,0.0512007504794108
2025-12-24,1278.639095385186,0.0,1278.639095385186,1347.6392356246686,0.0512007504794108
2025-12-26,1278.639095385186,0.0,1278.639095385186,1347.6392356246686,0.0512007504794108
2025-12-29,1278.639095385186,0.0,1278.639095385186,1347.6392356246686,0.0512007504794108
2025-12-30,1278.639095385186,0.0,1278.639095385186,1347.6392356246686,0.0512007504794108
2025-12-31,1278.639095385186,0.0,1278.639095385186,1347.6392356246686,0.0512007504794108
2026-01-02,0.0,1277.3604562898008,1277.3604562898008,1347.6392356246686,0.0521495497289314
2026-01-05,1285.5415999454565,0.0,1285.5415999454565,1347.6392356246686,0.0460788273579971
2026-01-06,1285.5415999454565,0.0,1285.5415999454565,1347.6392356246686,0.0460788273579971
2026-01-07,0.0,1284.2560583455108,1284.2560583455108,1347.6392356246686,0.0470327485306391
2026-01-08,0.0,1420.1149205537797,1420.1149205537797,1420.1149205537797,0.0
2026-01-09,0.0,1451.708785623124,1451.708785623124,1451.708785623124,0.0
2026-01-12,0.0,1544.533142473948,1544.533142473948,1544.533142473948,0.0
2026-01-13,2.273736754432321e-13,1559.7920455159774,1559.7920455159776,1559.7920455159776,0.0
2026-01-14,1562.763842306153,0.0,1562.763842306153,1562.763842306153,0.0
2026-01-15,0.0,1561.201078463847,1561.201078463847,1562.763842306153,0.0009999999999999
2026-01-16,0.0,1518.0254079009717,1518.0254079009717,1562.763842306153,0.0286277639615474
2026-01-20,1555.9992717300463,0.0,1555.9992717300463,1562.763842306153,0.0043285942462837
2026-01-21,1555.9992717300463,0.0,1555.9992717300463,1562.763842306153,0.0043285942462837
2026-01-22,1555.9992717300463,0.0,1555.9992717300463,1562.763842306153,0.0043285942462837
2026-01-23,0.0,1554.4432724583162,1554.4432724583162,1562.763842306153,0.0053242656520375
2026-01-26,1544.3855676714918,0.0,1544.3855676714918,1562.763842306153,0.0117601099648815
2026-01-27,0.0,1542.8411821038203,1542.8411821038203,1562.763842306153,0.0127483498549167
2026-01-28,1261.219458824376,306.03424546428664,1567.253704288663,1567.253704288663,0.0
2026-01-29,1261.219458824376,301.9747241280081,1563.1941829523842,1567.253704288663,0.0025902132661546
2026-01-30,1.1368683772161605e-13,1570.3391927019125,1570.3391927019125,1570.3391927019125,0.0
2026-02-02,1491.9126602217543,0.0,1491.9126602217543,1570.3391927019125,0.0499424155269398
2026-02-03,298.38253204435074,1192.336598049226,1490.7191300935767,1570.3391927019125,0.0507024615945183
2026-02-04,0.0,1485.8609578959192,1485.8609578959192,1570.3391927019125,0.053796170406115
2026-02-05,0.0,1536.2143315939736,1536.2143315939736,1570.3391927019125,0.0217308854459805
2026-02-06,1634.3084289459457,0.0,1634.3084289459457,1634.3084289459457,0.0
2026-02-09,544.769476315315,1088.449413678,1633.2188899933149,1634.3084289459457,0.0006666666666667
2026-02-10,0.0,1642.437927269413,1642.437927269413,1642.437927269413,0.0
2026-02-11,0.0,1607.9258052730745,1607.9258052730745,1642.437927269413,0.0210127405263441
2026-02-12,835.9537494880398,802.9869100577706,1638.9406595458104,1642.437927269413,0.0021293150051745
2026-02-13,835.9537494880398,814.0016303234554,1649.9553798114953,1649.9553798114953,0.0
2026-02-17,1652.619222483573,0.0,1652.619222483573,1652.619222483573,0.0
2026-02-18,1652.619222483573,0.0,1652.619222483573,1652.619222483573,0.0
2026-02-19,0.0,1650.9666032610892,1650.9666032610892,1652.619222483573,0.001
2026-02-20,1291.2782942986744,321.47165842670046,1612.749952725375,1652.619222483573,0.0241248977476384
2026-02-23,1602.885217606026,0.0,1602.885217606026,1652.619222483573,0.0300940496158614
2026-02-24,1602.885217606026,0.0,1602.885217606026,1652.619222483573,0.0300940496158614
2026-02-25,1602.885217606026,0.0,1602.885217606026,1652.619222483573,0.0300940496158614
2026-02-26,0.0,1601.28233238842,1601.28233238842,1652.619222483573,0.0310639555662455
2026-02-27,0.0,1602.9207363404714,1602.9207363404714,1652.619222483573,0.030072557227317
2026-03-02,0.0,1581.2737957143945,1581.2737957143945,1652.619222483573,0.0431711224210255
2026-03-03,1577.2648922769613,0.0,1577.2648922769613,1652.619222483573,0.0455969101541541
2026-03-04,1577.2648922769613,0.0,1577.2648922769613,1652.619222483573,0.0455969101541541
2026-03-05,1577.2648922769613,0.0,1577.2648922769613,1652.619222483573,0.0455969101541541
2026-03-06,1577.2648922769613,0.0,1577.2648922769613,1652.619222483573,0.0455969101541541
2026-03-09,1.1368683772161605e-13,1575.6876273846844,1575.687627384685,1652.619222483573,0.0465513132439998
2026-03-10,1566.041283315264,0.0,1566.041283315264,1652.619222483573,0.0523883166735764
2026-03-11,1566.041283315264,0.0,1566.041283315264,1652.619222483573,0.0523883166735764
2026-03-12,1566.041283315264,0.0,1566.041283315264,1652.619222483573,0.0523883166735764
2026-03-13,0.0,1564.4752420319485,1564.4752420319485,1652.619222483573,0.0533359283569029
2026-03-16,0.0,1550.6711084588994,1550.6711084588994,1652.619222483573,0.0616888104880353
2026-03-17,0.0,1553.1474993735776,1553.1474993735776,1652.619222483573,0.0601903461830174
2026-03-18,1556.783970856368,0.0,1556.783970856368,1652.619222483573,0.057989917050089
2026-03-19,1556.783970856368,0.0,1556.783970856368,1652.619222483573,0.057989917050089
2026-03-20,1556.783970856368,0.0,1556.783970856368,1652.619222483573,0.057989917050089
2026-03-23,1556.783970856368,0.0,1556.783970856368,1652.619222483573,0.057989917050089
2026-03-24,0.0,1555.2271868855114,1555.2271868855114,1652.619222483573,0.058931927133039
2026-03-25,0.0,1534.5197458298862,1534.5197458298862,1652.619222483573,0.0714620010749999
2026-03-26,1232.2226110624238,301.2986115212075,1533.5212225836312,1652.619222483573,0.0720662075568502
2026-03-27,0.0,1540.423165691499,1540.423165691499,1652.619222483573,0.0678898413292473
2026-03-30,0.0,1576.4569919834958,1576.4569919834958,1652.619222483573,0.0460857706747594
2026-03-31,1497.5479754376238,0.0,1497.5479754376238,1652.619222483573,0.0938336217661237
2026-04-01,0.0,1496.0504274621862,1496.0504274621862,1652.619222483573,0.0947397881443576
2026-04-02,0.0,1495.2233356436814,1495.2233356436814,1652.619222483573,0.0952402614580238
2026-04-06,0.0,1512.3449001764145,1512.3449001764145,1652.619222483573,0.0848800016354358
2026-04-07,0.0,1563.048104866763,1563.048104866763,1652.619222483573,0.0541994891492315
2026-04-08,1271.2464125501378,315.7515155967795,1586.9979281469173,1652.619222483573,0.0397074495103834
2026-04-09,0.0,1593.1829736820714,1593.1829736820714,1652.619222483573,0.0359648780510855
2026-04-10,0.0,1795.4314806304344,1795.4314806304344,1795.4314806304344,0.0
2026-04-13,1878.696087808372,0.0,1878.696087808372,1878.696087808372,0.0
2026-04-14,1878.696087808372,0.0,1878.696087808372,1878.696087808372,0.0
2026-04-15,469.6740219520928,1407.6130437904226,1877.2870657425156,1878.696087808372,0.00075
2026-04-16,313.6970703067755,1556.6371399283803,1870.334210235156,1878.696087808372,0.004450894227906
