date,ticker,action,rank,prob_up,value,profit,profit_pct
2024-04-17,MRK,BUY,1,0.7911279201507568,249.75,,
2024-04-17,JPM,BUY,2,0.7367018461227417,249.75,,
2024-04-17,WFC,BUY,3,0.733404815196991,249.75,,
2024-04-17,WMT,BUY,6,0.7216633558273315,249.75,,
2024-04-18,JPM,SELL,10,0.7586231827735901,255.7635708215964,6.013570821596375,2.4078361648033533
2024-04-18,WFC,SELL,24,0.6928091645240784,256.33876875275314,6.58876875275314,2.638145646748004
2024-04-18,DIS,BUY,2,0.8147792220115662,170.5300790782584,,
2024-04-18,KO,BUY,4,0.8045012354850769,170.5300790782584,,
2024-04-19,MRK,SELL,11,0.7291701436042786,252.90714281832615,3.1571428183261787,1.2641212485790505
2024-04-19,WMT,SELL,19,0.5843245983123779,253.2052870015829,3.4552870015828603,1.383498298932076
2024-04-19,DIS,SELL,8,0.7432397603988647,169.42159155567174,-1.108487522586671,-0.6500246341162911
2024-04-19,KO,SELL,36,0.4835650026798248,171.43544749599494,0.9053684177365257,0.5309142074114916
2024-04-19,BA,BUY,1,0.8519472479820251,203.3305156961925,,
2024-04-19,INTC,BUY,2,0.8339954018592834,203.3305156961925,,
2024-04-19,CRM,BUY,3,0.8050728440284729,203.3305156961925,,
2024-04-19,GS,BUY,4,0.7987607717514038,203.3305156961925,,
2024-04-19,MCD,BUY,6,0.7542061805725098,203.3305156961925,,
2024-04-22,BA,SELL,38,0.3367908895015716,201.5782294833619,-1.7522862128305974,-0.861792046722975
2024-04-22,INTC,SELL,11,0.5231731534004211,202.35977015132443,-0.9707455448680662,-0.4774224574920723
2024-04-22,CRM,SELL,23,0.4589852094650268,205.25630403968373,1.9257883434912344,0.947122145880288
2024-04-22,MCD,SELL,24,0.4565017521381378,204.0854153603764,0.7548996641838812,0.3712672746631986
2024-04-24,GS,SELL,14,0.549000084400177,204.44128527058103,1.1107695743885415,0.5462876885868939
2024-04-25,MS,BUY,1,0.7222664952278137,1016.703283301022,,
2024-04-26,MS,SELL,26,0.4834069907665252,1007.8087865992156,-8.894496701806588,-0.8748370196000572
2024-04-30,DIS,BUY,1,0.766473650932312,201.36019556252327,,
2024-04-30,BAC,BUY,2,0.7452857494354248,201.36019556252327,,
2024-04-30,JNJ,BUY,3,0.7315859794616699,201.36019556252327,,
2024-04-30,GOOGL,BUY,4,0.7189890742301941,201.36019556252327,,
2024-04-30,CSCO,BUY,5,0.71871417760849,201.36019556252327,,
2024-05-01,BAC,SELL,14,0.6887818574905396,200.77775128587444,-0.5824442766488289,-0.2892549220175828
2024-05-01,JNJ,SELL,26,0.5822314620018005,199.4822972015737,-1.8778983609495867,-0.9326065440607354
2024-05-01,GOOGL,SELL,24,0.6132816672325134,204.54707702780723,3.1868814652839603,1.5826769816055422
2024-05-01,NKE,BUY,6,0.7459746599197388,302.1011591948701,,
2024-05-01,XOM,BUY,10,0.7220014929771423,302.1011591948701,,
2024-05-02,DIS,SELL,28,0.3457015454769134,206.94888911803707,5.5886935555138,2.7754708620048416
2024-05-02,CSCO,SELL,8,0.4476367533206939,202.361316753896,1.0011211913727325,0.4971792903637101
2024-05-02,NKE,SELL,29,0.337262213230133,300.94992486078075,-1.151234334089338,-0.3810757751335655
2024-05-06,XOM,SELL,18,0.4400549829006195,301.6173147257219,-0.4838444691482095,-0.1601597525933709
2024-05-09,CAT,BUY,2,0.7311628460884094,1010.8655680129772,,
2024-05-14,CAT,SELL,36,0.5227009654045105,1024.798012741609,13.932444728631822,1.3782687994822431
2024-06-21,WMT,BUY,1,0.7826542854309082,341.2577382429558,,
2024-06-21,NFLX,BUY,2,0.7450318932533264,341.2577382429558,,
2024-06-21,DIS,BUY,3,0.7401553392410278,341.2577382429558,,
2024-06-24,WMT,SELL,28,0.3228116333484649,333.59343951186975,-7.664298731086035,-2.245897417754524
2024-06-24,NFLX,SELL,31,0.3206267058849334,342.64392699286907,1.3861887499132877,0.4061999464247757
2024-06-24,DIS,SELL,21,0.3703283071517944,341.6519133191247,0.3941750761688922,0.1155065605833273
2024-06-24,COST,BUY,1,0.7290570735931396,1016.8713905440396,,
2024-06-26,COST,SELL,35,0.5107724666595459,1010.0479903897904,-6.823400154249384,-0.671018991949294
2024-07-18,AVGO,BUY,1,0.9247397184371948,201.8075884798801,,
2024-07-18,HON,BUY,2,0.9252409338951112,201.8075884798801,,
2024-07-18,NVDA,BUY,3,0.9231980443000792,201.8075884798801,,
2024-07-18,QCOM,BUY,4,0.9160915613174438,201.8075884798801,,
2024-07-19,AVGO,SELL,9,0.4857576489448547,206.3592330387703,4.551644558890189,2.2554377628589424
2024-07-19,HON,SELL,36,0.391510546207428,203.8227803075829,2.015191827702808,0.9985708876867724
2024-07-19,NVDA,SELL,24,0.4169028699398041,211.19628840369032,9.388699923810208,4.652302717916005
2024-07-22,QCOM,SELL,36,0.3739504516124725,209.33611277805383,7.52852429817375,3.730545692004209
2024-07-29,GE,BUY,1,0.8184531331062317,206.33825771868985,,
2024-07-29,JPM,BUY,2,0.8057718276977539,206.33825771868985,,
2024-07-29,NFLX,BUY,3,0.7953708171844482,206.33825771868985,,
2024-07-29,XOM,BUY,4,0.788877010345459,206.33825771868985,,
2024-07-29,ADBE,BUY,5,0.7832011580467224,206.33825771868985,,
2024-07-30,GE,SELL,36,0.2404157370328903,209.479657022846,3.1413993041561525,1.5224512113691306
2024-07-30,JPM,SELL,12,0.3967244327068329,203.84252331751915,-2.4957344011706937,-1.2095354631583832
2024-07-30,NFLX,SELL,9,0.3990224599838257,208.04232534358195,1.7040676248921045,0.8258612066092639
2024-07-30,XOM,SELL,11,0.3971684277057647,206.86455067089145,0.5262929522015725,0.2550631947852788
2024-07-30,ADBE,SELL,34,0.2470104694366455,211.0832799931353,4.745022274445489,2.299632810176477
2024-08-01,SBUX,BUY,1,0.8305768370628357,207.6546048023252,,
2024-08-01,GOOGL,BUY,2,0.7877138257026672,207.6546048023252,,
2024-08-01,ADBE,BUY,3,0.7848000526428223,207.6546048023252,,
2024-08-01,GE,BUY,4,0.775265097618103,207.6546048023252,,
2024-08-01,MSFT,BUY,5,0.7572638392448425,207.6546048023252,,
2024-08-02,SBUX,SELL,36,0.2295211106538772,201.92451796002717,-5.730086842298022,-2.7594316281850446
2024-08-02,GOOGL,SELL,26,0.3696892857551574,198.2234854976565,-9.43111930466867,-4.541733766822332
2024-08-02,ADBE,SELL,9,0.4428326189517975,200.80370531518923,-6.850899487135933,-3.299180142745971
2024-08-05,GE,SELL,28,0.4858407974243164,210.02257144519737,2.3679666428722044,1.1403390958396362
2024-08-05,MSFT,SELL,20,0.5583279132843018,202.93734170106583,-4.717263101259306,-2.271687211439332
2024-08-07,INTC,BUY,1,0.8508086204528809,506.4488551486085,,
2024-08-07,TSLA,BUY,3,0.7647125124931335,506.4488551486085,,
2024-08-08,INTC,SELL,36,0.3969299495220184,486.68250250037926,-19.766352648229255,-3.90293164794087
2024-08-08,TSLA,SELL,37,0.3900419771671295,508.894000816322,2.4451456677135184,0.4828020920288255
2024-08-13,INTC,BUY,1,0.9492695927619934,198.9161853626769,,
2024-08-13,AMD,BUY,2,0.7514464259147644,198.9161853626769,,
2024-08-13,MS,BUY,3,0.7450006008148193,198.9161853626769,,
2024-08-13,WFC,BUY,4,0.73762047290802,198.9161853626769,,
2024-08-13,BA,BUY,5,0.7324426174163818,198.9161853626769,,
2024-08-14,INTC,SELL,37,0.2692273259162903,206.3986139386616,7.48242857598467,3.7615986664645815
2024-08-14,AMD,SELL,16,0.3671624660491943,208.04956950093373,9.133384138256815,4.591574145464451
2024-08-14,MS,SELL,21,0.3625705540180206,201.1152992529501,2.199113890273225,1.1055479906090384
2024-08-14,WFC,SELL,15,0.3730081915855407,202.08724094667173,3.1710555839948142,1.5941666980055644
2024-08-15,BA,SELL,18,0.4782496988773346,212.2677885508092,13.351603188132287,6.712175363602905
2024-08-20,TSLA,BUY,1,0.7884811162948608,205.77771873556728,,
2024-08-20,NVDA,BUY,2,0.7744312882423401,205.77771873556728,,
2024-08-20,HON,BUY,3,0.7543917894363403,205.77771873556728,,
2024-08-20,AVGO,BUY,4,0.7487166523933411,205.77771873556728,,
2024-08-20,QCOM,BUY,5,0.7345180511474609,205.77771873556728,,
2024-08-21,TSLA,SELL,37,0.4464385211467743,193.96150409253255,-11.816214643034698,-5.742222586410832
2024-08-21,HON,SELL,11,0.5522516369819641,204.2655595756851,-1.5121591598821738,-0.7348507745026368
2024-08-21,AVGO,SELL,28,0.4997987151145935,201.30623958004995,-4.471479155517329,-2.172965655850895
2024-08-21,QCOM,SELL,14,0.5369031429290771,199.4125690989612,-6.365149636606105,-3.0932161536816243
2024-08-22,NVDA,SELL,35,0.3796336650848388,206.9637432340722,1.1860244985049349,0.5763619627006481
2024-08-26,INTC,BUY,1,0.7657760381698608,1004.9037059657196,,
2024-08-30,INTC,SELL,25,0.5316362380981445,1005.3994327454716,0.4957267797518625,0.0493307743626505
2024-09-05,AAPL,BUY,1,0.947546362876892,200.87880666254523,,
2024-09-05,MSFT,BUY,2,0.9449217319488524,200.87880666254523,,
2024-09-05,PFE,BUY,3,0.9437028765678406,200.87880666254523,,
2024-09-05,AMZN,BUY,4,0.9398093819618224,200.87880666254523,,
2024-09-06,AAPL,SELL,19,0.447156697511673,200.75971518494472,-0.1190914776005058,-0.0592852374917612
2024-09-06,MSFT,SELL,33,0.3544164597988128,202.68620029987585,1.8073936373305912,0.8997433165594309
2024-09-06,PFE,SELL,25,0.4221768975257873,206.65048802464125,5.771681362096018,2.873215675654536
2024-09-06,AMZN,SELL,36,0.327185571193695,205.3731690672197,4.49436240467449,2.237350210977973
2024-09-17,AVGO,BUY,1,0.7308535575866699,507.766454833325,,
2024-09-17,QCOM,BUY,2,0.7120568752288818,507.766454833325,,
2024-09-18,AVGO,SELL,13,0.7045755982398987,525.2999915962249,17.533536762899928,3.453071110941217
2024-09-18,QCOM,SELL,40,0.5364015102386475,524.1974364482784,16.430981614953396,3.235932870033112
2024-09-18,KO,BUY,1,0.8688514232635498,209.68958612329172,,
2024-09-18,CAT,BUY,2,0.8442791700363159,209.68958612329172,,
2024-09-18,JNJ,BUY,3,0.8147206902503967,209.68958612329172,,
2024-09-18,WMT,BUY,4,0.8089308738708496,209.68958612329172,,
2024-09-19,KO,SELL,16,0.53156578540802,212.50550943645644,2.8159233131646886,1.3429008875571924
2024-09-19,CAT,SELL,33,0.4907953143119812,206.9603747030334,-2.7292114202583377,-1.3015483843120546
2024-09-19,JNJ,SELL,11,0.5466489195823669,208.6410572415188,-1.0485288817729668,-0.50003860523453
2024-09-19,WMT,SELL,29,0.4950376749038696,212.21783591122215,2.5282497879304344,1.2057107053680256
2024-10-01,INTC,BUY,1,0.8741664290428162,209.83480772764605,,
2024-10-01,SBUX,BUY,2,0.81252121925354,209.83480772764605,,
2024-10-01,AMD,BUY,3,0.7482017874717712,209.83480772764605,,
2024-10-01,WFC,BUY,4,0.7121453285217285,209.83480772764605,,
2024-10-01,JNJ,BUY,5,0.7069458365440369,209.83480772764605,,
2024-10-02,SBUX,SELL,20,0.5422035455703735,207.58302487510556,-2.251782852540515,-1.073121698409162
2024-10-02,AMD,SELL,34,0.4691541790962219,213.65269983893185,3.817892111285772,1.819475115987994
2024-10-02,WFC,SELL,26,0.514572024345398,208.4119543252101,-1.4228534024359476,-0.6780826393125075
2024-10-02,JNJ,SELL,25,0.5183702707290649,208.75354306562053,-1.081264662025518,-0.515293279382389
2024-10-03,SBUX,BUY,2,0.8235264420509338,209.3907052206908,,
2024-10-03,AVGO,BUY,3,0.8121798634529114,209.3907052206908,,
2024-10-03,ORCL,BUY,4,0.795829713344574,209.3907052206908,,
2024-10-03,WMT,BUY,5,0.7640083432197571,209.3907052206908,,
2024-10-04,SBUX,SELL,36,0.366770327091217,208.12001827156283,-1.2706869491279915,-0.6068497394804273
2024-10-04,ORCL,SELL,17,0.4603472352027893,208.09170172383037,-1.299003496860479,-0.6203730464021183
2024-10-04,WMT,SELL,12,0.4858104288578033,204.4260088942599,-4.964696326430953,-2.3710203951977378
2024-10-07,INTC,SELL,15,0.3798361122608185,218.332042777103,8.497235049456947,4.049487852599691
2024-10-07,AVGO,SELL,10,0.4077586531639099,214.02478605804055,4.634080837349757,2.213126333599952
2024-10-08,ADBE,BUY,1,0.7238642573356628,1051.9415631670718,,
2024-10-10,ADBE,SELL,40,0.3474141061306,1053.739808523744,1.7982453566721688,0.170945366134047
2024-10-15,TSLA,BUY,1,0.8426481485366821,263.17151717880506,,
2024-10-15,ORCL,BUY,2,0.7338840365409851,263.17151717880506,,
2024-10-15,BA,BUY,3,0.7131362557411194,263.17151717880506,,
2024-10-15,SBUX,BUY,4,0.7047215700149536,263.17151717880506,,
2024-10-16,TSLA,SELL,41,0.3872240483760834,262.38568577367533,-0.785831405129727,-0.2986004768121674
2024-10-16,ORCL,SELL,35,0.4225301146507263,264.2772507359503,1.105733557145243,0.420157002170558
2024-10-16,BA,SELL,12,0.4831847250461578,263.60423584088875,0.4327186620836869,0.1644245801074618
2024-10-16,SBUX,SELL,28,0.4372899234294891,262.38505603224354,-0.7864611465615212,-0.2988397661693687
2024-10-21,INTC,BUY,1,0.8409039378166199,525.7997880771876,,
2024-10-21,COST,BUY,2,0.7561866641044617,525.7997880771876,,
2024-10-22,INTC,SELL,41,0.3378875255584717,515.4250990518915,-10.374689025296108,-1.973125372156502
2024-10-22,COST,SELL,25,0.5228221416473389,528.6132001872514,2.8134121100638367,0.5350728877910516
2024-10-25,XOM,BUY,1,0.903456211090088,208.59885218798075,,
2024-10-25,GE,BUY,2,0.8995492458343506,208.59885218798075,,
2024-10-25,NFLX,BUY,3,0.8932151794433594,208.59885218798075,,
2024-10-25,TXN,BUY,4,0.8901329040527344,208.59885218798075,,
2024-10-25,CVX,BUY,5,0.8873163461685181,208.59885218798075,,
2024-10-28,XOM,SELL,33,0.4298547804355621,205.550953264872,-3.047898923108761,-1.4611292876923978
2024-10-28,GE,SELL,40,0.3514898121356964,206.83350879795935,-1.7653433900213713,-0.8462862434307722
2024-10-28,NFLX,SELL,29,0.4443545639514923,211.2610650983445,2.6622129103637637,1.2762356467640992
2024-10-28,TXN,SELL,19,0.4899015128612518,213.9789191207592,5.380066932778419,2.579145031886428
2024-10-28,CVX,SELL,32,0.4303451776504516,205.59401286104728,-3.004839326933478,-1.4404869899406925
2024-10-30,KO,BUY,1,0.7189587950706482,521.0876203419197,,
2024-10-30,NFLX,BUY,2,0.7106620073318481,521.0876203419197,,
2024-10-31,KO,SELL,18,0.3741297721862793,518.1753585876039,-2.9122617543157503,-0.5588813935753886
2024-10-31,NFLX,SELL,7,0.4133910834789276,520.6147574719106,-0.4728628700090667,-0.0907453663356635
2024-10-31,TSLA,BUY,1,0.7022557258605957,1037.751325943455,,
2024-11-01,TSLA,SELL,12,0.3883879780769348,1011.1475820694294,-26.603743874025557,-2.563595266894908
2024-11-04,TSLA,BUY,1,0.8383401036262512,1010.13643448736,,
2024-11-05,TSLA,SELL,23,0.5238960385322571,1157.9828456818532,147.84641119449316,14.636281411780242
2024-11-12,GE,BUY,1,0.8055736422538757,1156.8248628361714,,
2024-11-13,GE,SELL,11,0.5203001499176025,1123.181377549287,-33.64348528688447,-2.908260910333584
2024-11-14,NFLX,BUY,1,0.7219366431236267,1122.0581961717376,,
2024-11-15,NFLX,SELL,40,0.3161711096763611,1152.3483340132566,30.290137841519027,2.6995157599546595
2024-12-09,JPM,BUY,1,0.7343239784240723,1151.1959856792432,,
2024-12-11,JPM,SELL,28,0.4388620257377624,1143.7466686681034,-7.449317011139783,-0.6470937272027093
2025-01-08,INTC,BUY,1,0.7369358539581299,380.8676406664785,,
2025-01-08,WFC,BUY,2,0.7244077920913696,380.8676406664785,,
2025-01-10,INTC,SELL,39,0.2890145480632782,381.48023383327,0.6125931667915552,0.1608414843853842
2025-01-10,WFC,SELL,12,0.5408374071121216,383.5867922846388,2.7191516181603106,0.7139361100360431
2025-01-10,WMT,BUY,1,0.8162373900413513,1145.1695997582692,,
2025-01-13,WMT,SELL,9,0.5343434810638428,1134.77526982083,-10.394329937439124,-0.907667295711765
2025-01-14,AVGO,BUY,1,0.8178660869598389,283.4101236377523,,
2025-01-14,PFE,BUY,2,0.7663497924804688,283.4101236377523,,
2025-01-14,CVX,BUY,3,0.7363515496253967,283.4101236377523,,
2025-01-14,COST,BUY,5,0.718046247959137,283.4101236377523,,
2025-01-15,AVGO,SELL,39,0.5641584396362305,284.877633263658,1.4675096259056772,0.5178042361610947
2025-01-15,PFE,SELL,23,0.6549853086471558,286.0422110067098,2.6320873689575137,0.9287203065200952
2025-01-15,CVX,SELL,14,0.6747139096260071,285.004335631123,1.5942119933707204,0.5625106022706522
2025-01-15,COST,SELL,34,0.5870484709739685,281.9770381749939,-1.433085462758413,-0.5056578234975638
2025-01-16,AMZN,BUY,2,0.8274929523468018,227.3526633716816,,
2025-01-16,GOOGL,BUY,3,0.820759117603302,227.3526633716816,,
2025-01-16,CRM,BUY,4,0.7650821805000305,227.3526633716816,,
2025-01-16,COST,BUY,5,0.7493706345558167,227.3526633716816,,
2025-01-16,MSFT,BUY,6,0.7502743005752563,227.3526633716816,,
2025-01-17,AMZN,SELL,7,0.5082806944847107,231.9203389935009,4.567675621819291,2.0090706456127783
2025-01-17,MSFT,SELL,15,0.4929391741752624,226.84473327138167,-0.5079301002999443,-0.2234106663925761
2025-01-21,GOOGL,SELL,17,0.5437811613082886,229.8716672254956,2.519003853813956,1.1079720010562744
2025-01-21,CRM,SELL,21,0.5399511456489563,232.7656529056669,5.4129895339852965,2.38087799531779
2025-01-21,COST,SELL,33,0.5077028870582581,227.48892931781856,0.1362659461369446,0.0599359357027517
2025-01-22,MRK,BUY,1,0.7276639342308044,1147.7424303921498,,
2025-01-24,MRK,SELL,8,0.5955794453620911,1162.1389809602404,14.39655056809056,1.2543363551673945
2025-01-31,NFLX,BUY,1,0.7220435738563538,580.4884209896401,,
2025-01-31,NVDA,BUY,2,0.7052052617073059,580.4884209896401,,
2025-02-03,NFLX,SELL,31,0.3125221729278564,589.3446162068485,8.856195217208437,1.5256454559610402
2025-02-03,NVDA,SELL,39,0.2052409648895263,589.8000593539116,9.311638364271516,1.6041040660891497
2025-02-05,IBM,BUY,1,0.7243075966835022,1177.965530885199,,
2025-02-06,IBM,SELL,35,0.5205193758010864,1171.6799521442397,-6.285578740959636,-0.5335961516833388
2025-02-10,INTC,BUY,1,0.8657628893852234,292.6270680480239,,
2025-02-10,CAT,BUY,2,0.8153911232948303,292.6270680480239,,
2025-02-10,META,BUY,11,0.747247040271759,292.6270680480239,,
2025-02-11,INTC,SELL,15,0.5540325045585632,313.3847551070103,20.75768705898639,7.093563557688309
2025-02-11,CAT,SELL,17,0.5525302290916443,284.11069204437064,-8.51637600365325,-2.9103172377258013
2025-02-12,META,SELL,12,0.5049947500228882,295.8921689616964,3.2651009136725406,1.1157890947862332
2025-02-14,NVDA,BUY,1,0.7626617550849915,1185.121296544988,,
2025-02-18,NVDA,SELL,21,0.5121157765388489,1182.4923661325702,-2.62893041241773,-0.2218279614147441
2025-02-19,TSLA,BUY,1,0.8624762892723083,236.26197475328752,,
2025-02-19,NKE,BUY,2,0.7675955891609192,236.26197475328752,,
2025-02-19,GOOGL,BUY,3,0.7677497267723083,236.26197475328752,,
2025-02-19,CRM,BUY,4,0.7219900488853455,236.26197475328752,,
2025-02-20,TSLA,SELL,11,0.4952727556228637,224.97032807146027,-11.291646681827244,-4.779290740127925
2025-02-20,NKE,SELL,38,0.3772428333759308,233.794720221734,-2.4672545315534933,-1.0442876108734302
2025-02-20,GOOGL,SELL,21,0.4725379347801208,229.7593247891162,-6.502649964171326,-2.7523049237870825
2025-02-20,CRM,SELL,34,0.410730242729187,229.62900675021112,-6.6329680030764,-2.807463202659997
2025-02-24,CAT,BUY,1,0.7040703892707825,1153.4972012059766,,
2025-02-26,CAT,SELL,38,0.3997377455234527,1144.4002690889645,-9.09693211701233,-0.7886392882012652
2025-02-26,NVDA,BUY,3,0.740336537361145,1143.255868819875,,
2025-02-27,NVDA,SELL,31,0.3762918710708618,1187.4548789568275,44.19901013695221,3.8660645742039
2025-02-27,AMZN,BUY,1,0.7963176965713501,593.1337120389354,,
2025-02-27,CAT,BUY,2,0.7442576289176941,593.1337120389354,,
2025-02-28,AMZN,SELL,34,0.4184766113758087,572.2756387731555,-20.85807326577992,-3.5165887290538502
2025-02-28,CAT,SELL,41,0.3604305386543274,572.0225954591596,-21.111116579775853,-3.559250831857968
2025-03-03,GOOGL,BUY,1,0.9166674017906188,228.63078719961652,,
2025-03-03,CRM,BUY,2,0.912447154521942,228.63078719961652,,
2025-03-03,AMZN,BUY,3,0.8965659737586975,228.63078719961652,,
2025-03-03,CAT,BUY,4,0.8878580927848816,228.63078719961652,,
2025-03-03,QCOM,BUY,5,0.8484982848167419,228.63078719961652,,
2025-03-04,GOOGL,SELL,34,0.3793535828590393,231.20841622788976,2.577629028273236,1.1274199156838485
2025-03-04,CRM,SELL,8,0.6320554614067078,232.08247628752005,3.451689087903503,1.5097219102385575
2025-03-04,AMZN,SELL,29,0.4633707702159881,233.51262383156444,4.881836631947891,2.135249015123051
2025-03-04,CAT,SELL,20,0.5327865481376648,236.60854994200216,7.977762742385607,3.489365032636772
2025-03-04,QCOM,SELL,41,0.1182664558291435,234.36137155887192,5.730584359255374,2.50647973942898
2025-03-07,NKE,BUY,1,0.9741986989974976,233.3211328820001,,
2025-03-07,BAC,BUY,2,0.9665618538856506,233.3211328820001,,
2025-03-07,SBUX,BUY,3,0.9584221243858336,233.3211328820001,,
2025-03-07,QCOM,BUY,4,0.9553975462913512,233.3211328820001,,
2025-03-07,IBM,BUY,5,0.9521653056144714,233.3211328820001,,
2025-03-10,NKE,SELL,34,0.146496295928955,226.28432232137544,-7.0368105606246445,-3.015933650632257
2025-03-10,BAC,SELL,12,0.1855201125144958,231.80035001779964,-1.5207828642004415,-0.6517981656507569
2025-03-10,SBUX,SELL,29,0.1511181890964508,229.5153302794066,-3.8058026025934737,-1.6311435469148958
2025-03-10,QCOM,SELL,26,0.1604015231132507,230.2603328508411,-3.0608000311589763,-1.3118400349560049
2025-03-10,IBM,SELL,23,0.1617829203605651,225.87470378452772,-7.446429097472333,-3.1914936317570053
2025-03-10,TSLA,BUY,1,0.7920170426368713,1142.5913042146967,,
2025-03-13,TSLA,SELL,10,0.5815606713294983,1237.4852203602395,94.89391614554302,8.305149513698042
2025-03-18,COST,BUY,1,0.7623711824417114,1236.2477351398795,,
2025-03-19,COST,SELL,26,0.455953985452652,1223.1948796033732,-13.052855536506286,-1.0558446471110725
2025-03-20,INTC,BUY,1,0.8306142091751099,244.394336944754,,
2025-03-20,QCOM,BUY,2,0.7603636980056763,244.394336944754,,
2025-03-20,MCD,BUY,3,0.7557430267333984,244.394336944754,,
2025-03-20,GE,BUY,4,0.7239474058151245,244.394336944754,,
2025-03-20,PEP,BUY,5,0.7228056192398071,244.394336944754,,
2025-03-21,QCOM,SELL,15,0.5583748817443848,249.22536305527944,4.831026110525471,1.9767340646757856
2025-03-21,MCD,SELL,20,0.4944641888141632,244.33379923648363,-0.0605377082703455,-0.0247705036978947
2025-03-21,GE,SELL,27,0.4506830275058746,251.4458441363628,7.051507191608806,2.885298931129824
2025-03-21,PEP,SELL,26,0.4636552035808563,245.8285259541856,1.4341890094316057,0.5868339779721689
2025-03-24,INTC,SELL,36,0.5842408537864685,243.5461146594116,-0.8482222853424162,-0.3470711702841785
2025-03-25,META,BUY,1,0.7020866870880127,1233.1452673946812,,
2025-03-26,META,SELL,32,0.2655055224895477,1214.9753696268842,-18.16989776779701,-1.4734596359588137
2025-03-27,INTC,BUY,1,0.84773188829422,242.75207885145147,,
2025-03-27,IBM,BUY,3,0.8284441828727722,242.75207885145147,,
2025-03-27,MCD,BUY,4,0.8276202082633972,242.75207885145147,,
2025-03-27,KO,BUY,5,0.8239367008209229,242.75207885145147,,
2025-03-27,GE,BUY,6,0.7863233685493469,242.75207885145147,,
2025-03-28,INTC,SELL,8,0.5108335018157959,242.5093267726,-0.2427520788514527,-0.1000000000000005
2025-03-28,IBM,SELL,25,0.3932638466358185,247.1408609974197,4.388782145968236,1.8079277288718447
2025-03-28,MCD,SELL,41,0.2513229548931122,246.6789479409775,3.926869089526036,1.6176459159919392
2025-03-28,KO,SELL,20,0.4198632836341858,246.8170807392641,4.065001887812628,1.674548744153143
2025-03-28,GE,SELL,14,0.4821203947067261,242.83689757679304,0.0848187253415631,0.0349404733186514
2025-03-31,SBUX,BUY,1,0.7200440764427185,612.3785654565137,,
2025-03-31,CSCO,BUY,2,0.7077431082725525,612.3785654565137,,
2025-04-01,SBUX,SELL,30,0.6456741690635681,619.1151053737797,6.736539917265986,1.1000613504889831
2025-04-01,CSCO,SELL,16,0.7161399126052856,611.9641740097176,-0.4143914467961167,-0.0676691625362814
2025-04-01,TSLA,BUY,1,0.9558121562004088,1229.8482001041136,,
2025-04-02,TSLA,SELL,36,0.4609775245189667,1161.3562747763317,-68.49192532778193,-5.569136526116289
2025-04-03,TSLA,BUY,1,0.980970561504364,232.03898370031104,,
2025-04-03,COST,BUY,2,0.9664121270179749,232.03898370031104,,
2025-04-03,NFLX,BUY,3,0.9215235710144044,232.03898370031104,,
2025-04-03,IBM,BUY,4,0.920753538608551,232.03898370031104,,
2025-04-04,TSLA,SELL,7,0.6821451783180237,225.86243257270576,-6.176551127605279,-2.6618592398174683
2025-04-04,COST,SELL,40,0.2070878744125366,229.69497023786167,-2.3440134624493965,-1.010180886448286
2025-04-04,NFLX,SELL,20,0.5958385467529297,235.0489772004548,3.0099935001437075,1.297193019958772
2025-04-04,IBM,SELL,11,0.6558265686035156,230.07461173788332,-1.96437196242772,-0.846569800945515
2025-04-10,BA,BUY,1,0.99806547164917,230.35985889149356,,
2025-04-10,GE,BUY,2,0.998526930809021,230.35985889149356,,
2025-04-10,HON,BUY,3,0.9984049797058104,230.35985889149356,,
2025-04-10,CSCO,BUY,4,0.9985758066177368,230.35985889149356,,
2025-04-10,GOOGL,BUY,5,0.9981383085250854,230.35985889149356,,
2025-04-11,BA,SELL,33,0.3849221169948578,233.7096861825012,3.3498272910076423,1.4541714459833526
2025-04-11,GE,SELL,24,0.469873696565628,235.6145057053285,5.254646813834967,2.2810600940288235
2025-04-11,HON,SELL,30,0.4193587601184845,232.09988798401557,1.7400290925220077,0.7553525605090834
2025-04-11,CSCO,SELL,19,0.6339907646179199,230.45062065897463,0.0907617674811263,0.039399992654049
2025-04-11,GOOGL,SELL,26,0.4684072732925415,232.9559707192302,2.596111827736678,1.126980994097381
2025-04-11,PEP,BUY,1,0.8312999606132507,232.73316811576004,,
2025-04-11,NKE,BUY,2,0.8244414329528809,232.73316811576004,,
2025-04-11,TSLA,BUY,3,0.8023455739021301,232.73316811576004,,
2025-04-11,INTC,BUY,4,0.8050493597984314,232.73316811576004,,
2025-04-14,NKE,SELL,36,0.295228362083435,230.06676247980056,-2.666405635959478,-1.1456921493172063
2025-04-14,TSLA,SELL,40,0.2061791121959686,234.12199024167091,1.388822125910906,0.5967443906491723
2025-04-14,INTC,SELL,41,0.1712137013673782,227.23455656124872,-5.498611554511314,-2.3626248029143566
2025-04-15,PEP,SELL,8,0.2476523369550705,221.94879100765564,-10.784377108104394,-4.633794656522835
2025-04-17,AVGO,BUY,1,0.9630991220474244,229.0383792611691,,
2025-04-17,BA,BUY,2,0.956839084625244,229.0383792611691,,
2025-04-17,GOOGL,BUY,3,0.9011303782463074,229.0383792611691,,
2025-04-17,WFC,BUY,4,0.8924348950386047,229.0383792611691,,
2025-04-17,XOM,BUY,5,0.888454794883728,229.0383792611691,,
2025-04-21,AVGO,SELL,7,0.9148529171943665,233.44857035300925,4.410191091840147,1.9255249299556347
2025-04-21,GOOGL,SELL,18,0.8756505846977234,234.69730867769,5.658929416520891,2.470734134067591
2025-04-21,WFC,SELL,13,0.896654486656189,236.7449290574097,7.706549796240608,3.364741673906513
2025-04-21,XOM,SELL,14,0.8931724429130554,235.21644684094105,6.17806757977192,2.697394034877954
2025-04-21,CSCO,BUY,2,0.9281484484672546,234.79178691853025,,
2025-04-21,GE,BUY,3,0.9250273704528807,234.79178691853025,,
2025-04-21,JPM,BUY,4,0.9253274202346802,234.79178691853025,,
2025-04-22,BA,SELL,29,0.4300061464309692,247.5201824841681,18.481803222998963,8.069304054026873
2025-04-22,CSCO,SELL,19,0.5274654626846313,237.07132399455264,2.2795370760224216,0.9708759858850566
2025-04-22,GE,SELL,28,0.4416756927967071,240.13637201583217,5.344585097301945,2.2763083698308613
2025-04-22,JPM,SELL,8,0.6051951050758362,239.82380835715213,5.032021438621911,2.143184608228208
2025-04-25,KO,BUY,1,0.8052058219909668,239.67578441667672,,
2025-04-25,PFE,BUY,2,0.7637922763824463,239.67578441667672,,
2025-04-25,JNJ,BUY,3,0.758961021900177,239.67578441667672,,
2025-04-25,MCD,BUY,4,0.7459362149238586,239.67578441667672,,
2025-04-25,NKE,BUY,5,0.7243223190307617,239.67578441667672,,
2025-04-28,KO,SELL,28,0.4563468396663666,241.30382885183525,1.6280444351585288,0.679269471933039
2025-04-28,PFE,SELL,27,0.455480694770813,247.12301223911783,7.447227822441135,3.107209116084134
2025-04-28,NKE,SELL,25,0.4576622247695923,240.3970263440145,0.7212419273377861,0.300923987416228
2025-04-30,JNJ,SELL,16,0.6467854976654053,238.06438039170555,-1.6114040249711934,-0.6723265885592201
2025-04-30,MCD,SELL,21,0.5770597457885742,237.04032447681143,-2.635459939865285,-1.0995937475617203
2025-04-30,NKE,BUY,1,0.8472656011581421,240.54492874623628,,
2025-04-30,XOM,BUY,2,0.8447179198265076,240.54492874623628,,
2025-04-30,INTC,BUY,4,0.7273344397544861,240.54492874623628,,
2025-04-30,GE,BUY,5,0.7245572805404663,240.54492874623628,,
2025-04-30,DIS,BUY,7,0.7200919389724731,240.54492874623628,,
2025-05-01,NKE,SELL,29,0.876518964767456,248.05204899368232,7.507120247446039,3.1208806964148064
2025-05-01,XOM,SELL,26,0.8870221376419067,241.2812316107311,0.7363028644948315,0.3060978538739417
2025-05-01,GE,SELL,34,0.8541941046714783,245.1314750548869,4.586546308650611,1.9067316582214064
2025-05-01,DIS,SELL,24,0.8874807953834534,244.75005553868985,4.205126792453569,1.7481668868977829
2025-05-01,NVDA,BUY,1,0.9877082109451294,244.55889909669807,,
2025-05-01,META,BUY,2,0.9475460648536682,244.55889909669807,,
2025-05-01,COST,BUY,3,0.948067545890808,244.55889909669807,,
2025-05-02,INTC,SELL,35,0.3902111351490021,243.7922963754953,3.24736762925906,1.3500046108579082
2025-05-02,NVDA,SELL,26,0.4432076513767242,242.86338975311935,-1.695509343578692,-0.6932928426817505
2025-05-02,META,SELL,30,0.4146992564201355,245.23509201070843,0.6761929140103575,0.2764949124762752
2025-05-02,COST,SELL,39,0.3365232348442077,245.91112496658909,1.352225869891015,0.5529244181608569
2025-05-05,PEP,BUY,1,0.7236748933792114,407.1276667665014,,
2025-05-05,UNH,BUY,2,0.7194700837135315,407.1276667665014,,
2025-05-05,KO,BUY,3,0.7148026823997498,407.1276667665014,,
2025-05-06,PEP,SELL,37,0.8232452869415283,410.3913914560368,3.263724689535365,0.801646499599645
2025-05-06,UNH,SELL,41,0.5919101238250732,403.16374512744,-3.963921639061482,-0.973631114422616
2025-05-06,KO,SELL,32,0.8437276482582092,410.5767868130888,3.4491200465873817,0.8471839003183107
2025-05-06,CVX,BUY,1,0.9543119072914124,244.5815582946338,,
2025-05-06,INTC,BUY,2,0.950086772441864,244.5815582946338,,
2025-05-06,TXN,BUY,3,0.9390267729759216,244.5815582946338,,
2025-05-06,META,BUY,4,0.939216673374176,244.5815582946338,,
2025-05-07,CVX,SELL,19,0.6279762983322144,246.5861941751886,2.0046358805548152,0.8196185740790571
2025-05-07,INTC,SELL,29,0.5928080081939697,252.63794418445792,8.056385889824128,3.293946586160453
2025-05-07,META,SELL,32,0.5844075083732605,244.8282676931129,0.246709398479112,0.1008699920792535
2025-05-08,TXN,SELL,13,0.6641721725463867,255.4277185581474,10.84616026351361,4.434578117475171
2025-05-08,COST,BUY,1,0.7902688384056091,310.76555069523243,,
2025-05-08,INTC,BUY,2,0.7477500438690186,310.76555069523243,,
2025-05-08,GS,BUY,3,0.724220335483551,310.76555069523243,,
2025-05-08,CAT,BUY,5,0.7145307660102844,310.76555069523243,,
2025-05-09,COST,SELL,7,0.794252336025238,312.93696902063806,2.171418325405625,0.6987319928311918
2025-05-09,GS,SELL,9,0.7764211893081665,323.7248261121805,12.95927541694806,4.17011325353022
2025-05-09,CAT,SELL,13,0.748065710067749,326.59629155530496,15.830740860072524,5.0941106003083725
2025-05-09,AMD,BUY,2,0.8558858633041382,240.5737071503589,,
2025-05-09,AAPL,BUY,3,0.8241739273071289,240.5737071503589,,
2025-05-09,QCOM,BUY,4,0.8172664046287537,240.5737071503589,,
2025-05-09,META,BUY,5,0.7955886125564575,240.5737071503589,,
2025-05-12,INTC,SELL,20,0.2941301167011261,326.9775799306072,16.212029235374757,5.216803857154001
2025-05-12,AMD,SELL,29,0.2773250639438629,249.9802375175772,9.406530367218297,3.9100409095575857
2025-05-12,AAPL,SELL,14,0.3050574958324432,242.77306311379127,2.1993559634323674,0.9142129410084564
2025-05-12,QCOM,SELL,37,0.2569010257720947,239.1008197650107,-1.4728873853482014,-0.612239551360301
2025-05-12,META,SELL,21,0.2910780608654022,246.57234471280304,5.998637562444145,2.4934718068317365
2025-05-13,INTC,BUY,1,0.8717502355575562,260.8197281989499,,
2025-05-13,NFLX,BUY,2,0.8682235479354858,260.8197281989499,,
2025-05-13,GE,BUY,3,0.8607451915740967,260.8197281989499,,
2025-05-13,AVGO,BUY,4,0.8599433898925781,260.8197281989499,,
2025-05-13,BAC,BUY,5,0.8589003682136536,260.8197281989499,,
2025-05-14,INTC,SELL,25,0.5065648555755615,260.9221263621441,0.1023981631942092,0.0392601295543492
2025-05-14,GE,SELL,29,0.4902509152889251,267.725328017479,6.905599818529083,2.647652409660354
2025-05-14,AVGO,SELL,16,0.549662172794342,261.1426227068474,0.3228945078975016,0.1237998789919763
2025-05-14,BAC,SELL,24,0.5082385540008545,258.46232012557994,-2.3574080733699816,-0.903845767208139
2025-05-15,NFLX,SELL,16,0.6255427598953247,269.7362779226858,8.916549723735898,3.418663835480447
2025-05-15,TXN,BUY,1,0.7217137217521667,438.8902288198672,,
2025-05-15,QCOM,BUY,3,0.7041977643966675,438.8902288198672,,
2025-05-15,AMZN,BUY,4,0.7015650868415833,438.8902288198672,,
2025-05-16,TXN,SELL,33,0.4658568203449249,438.079169785576,-0.8110590342911337,-0.1847976967890107
2025-05-16,QCOM,SELL,32,0.4702053368091583,441.9014387107978,3.0112098909306724,0.6860963615042242
2025-05-16,AMZN,SELL,35,0.4579309821128845,439.6669642477532,0.7767354278860239,0.176977152117191
2025-06-11,COST,BUY,1,0.7364535927772522,439.4426417237943,,
2025-06-11,GS,BUY,2,0.7233790755271912,439.4426417237943,,
2025-06-11,META,BUY,3,0.7066024541854858,439.4426417237943,,
2025-06-12,COST,SELL,29,0.5143831968307495,433.5304902547167,-5.912151469077571,-1.3453750063685386
2025-06-12,GS,SELL,34,0.494051992893219,430.8777965964928,-8.56484512730151,-1.94902458571256
2025-06-12,META,SELL,40,0.4397464990615845,432.3614265994902,-7.081215124304094,-1.6114082822110145
2025-06-25,UNH,BUY,1,0.7847945094108582,259.0945887474498,,
2025-06-25,BA,BUY,2,0.739508330821991,259.0945887474498,,
2025-06-25,MCD,BUY,3,0.726842999458313,259.0945887474498,,
2025-06-25,AMZN,BUY,4,0.7249544858932495,259.0945887474498,,
2025-06-26,BA,SELL,7,0.523212194442749,274.1295071562183,15.034918408768531,5.802868551385954
2025-06-26,MCD,SELL,41,0.4948754906654358,264.2001325922241,5.105543844774331,1.9705327963259456
2025-06-26,AMZN,SELL,14,0.5160543918609619,266.2028736890208,7.108284941571014,2.7435096101137617
2025-06-27,UNH,SELL,13,0.5146667957305908,266.832696885684,7.738108138234168,2.9865958126114407
2025-07-01,ADBE,BUY,1,0.7157782316207886,1329.3884338602736,,
2025-07-02,ADBE,SELL,39,0.4572230875492096,1331.0066099125352,1.6181760522615605,0.1217233436853897
2025-07-03,UNH,BUY,1,0.7664099335670471,1329.675603302623,,
2025-07-07,UNH,SELL,16,0.5623411536216736,1345.7972067695268,16.121603466904162,1.212446361117075
2025-07-11,UNH,BUY,1,0.8199247121810913,268.8902819125515,,
2025-07-11,KO,BUY,2,0.7712082862854004,268.8902819125515,,
2025-07-11,COST,BUY,3,0.7635143995285034,268.8902819125515,,
2025-07-11,WMT,BUY,4,0.763785719871521,268.8902819125515,,
2025-07-11,TSLA,BUY,5,0.7480654120445251,268.8902819125515,,
2025-07-14,KO,SELL,12,0.5479958057403564,268.1960495187397,-0.6942323938117738,-0.2581842634378107
2025-07-14,WMT,SELL,39,0.4722993969917297,267.5276123435472,-1.3626695690042538,-0.5067753134519831
2025-07-14,TSLA,SELL,22,0.5280717611312866,263.4337562983119,-5.456525614239581,-2.0292758724594417
2025-07-15,UNH,SELL,14,0.4730893671512604,261.39154875469444,-7.498733157857032,-2.7887706110166417
2025-07-16,COST,SELL,37,0.5319600701332092,261.2274637752856,-7.662818137265901,-2.849793634326288
2025-07-22,PEP,BUY,1,0.7050374746322632,1320.4546542598885,,
2025-07-23,PEP,SELL,29,0.4588060975074768,1308.7194229446322,-11.735231315256216,-0.8887265668228329
2025-08-01,NVDA,BUY,1,0.7781801819801331,653.7053517608438,,
2025-08-01,AMD,BUY,2,0.7299274206161499,653.7053517608438,,
2025-08-04,NVDA,SELL,19,0.3859397768974304,646.7387938975738,-6.966557863269941,-1.065703048706053
2025-08-04,AMD,SELL,13,0.4270451068878174,643.9270939995853,-9.778257761258487,-1.495820362326762
2025-08-08,UNH,BUY,1,0.8041609525680542,322.3438055023155,,
2025-08-08,TXN,BUY,2,0.7571621537208557,322.3438055023155,,
2025-08-08,ADBE,BUY,3,0.7431798577308655,322.3438055023155,,
2025-08-11,UNH,SELL,8,0.5699114203453064,333.76058059310293,11.41677509078744,3.541800678625242
2025-08-11,ADBE,SELL,7,0.5689246654510498,326.6348656290061,4.2910601266905815,1.3312060146475366
2025-08-11,HON,BUY,1,0.7244933843612671,982.0788562782022,,
2025-08-12,HON,SELL,12,0.5173457264900208,993.4390365906258,11.360180312423608,1.1567482834805587
2025-08-13,HON,BUY,1,0.721738874912262,992.4455975540352,,
2025-08-14,TXN,SELL,35,0.4607486128807068,341.0577315937524,18.71392609143692,5.805579561944612
2025-08-14,HON,SELL,14,0.5650911331176758,984.9555034544758,-7.490094099559428,-0.7547107990623757
2025-08-19,IBM,BUY,1,0.7621502876281738,662.3436109065899,,
2025-08-19,INTC,BUY,2,0.7446919679641724,662.3436109065899,,
2025-08-20,INTC,SELL,41,0.3094160854816437,660.5568894091191,-1.7867214974708077,-0.2697574896246396
2025-08-21,IBM,SELL,27,0.4658247232437134,660.426359765003,-1.917251141586917,-0.289464729487261
2025-08-25,UNH,BUY,1,0.8407497406005859,329.915566481237,,
2025-08-25,HON,BUY,2,0.7258479595184326,329.915566481237,,
2025-08-25,COST,BUY,3,0.7102087736129761,329.915566481237,,
2025-08-25,TXN,BUY,4,0.7057133913040161,329.915566481237,,
2025-08-26,UNH,SELL,38,0.4775851368904114,333.37047448976205,3.454908008525024,1.0472097589616196
2025-08-26,HON,SELL,25,0.5009480118751526,327.6456986622605,-2.269867818976536,-0.6880147678953573
2025-08-26,COST,SELL,31,0.4897053241729736,332.4496619348027,2.534095453565669,0.768104239697883
2025-08-26,TXN,SELL,7,0.5393149256706238,328.76961598425305,-1.1459504969839711,-0.3473465981633649
2025-09-12,NVDA,BUY,1,0.7627007365226746,1320.9132156200071,,
2025-09-15,NVDA,SELL,34,0.4785920977592468,1298.285841281581,-22.62737433842608,-1.713009913963598
2025-09-23,DIS,BUY,4,0.744415283203125,432.32918514676646,,
2025-09-23,BA,BUY,6,0.7299766540527344,432.32918514676646,,
2025-09-23,GS,BUY,12,0.7089370489120483,432.32918514676646,,
2025-09-24,DIS,SELL,20,0.490007072687149,430.2214996136736,-2.10768553309282,-0.4875186791697409
2025-09-24,BA,SELL,13,0.5319833159446716,428.7444561107314,-3.584729036035071,-0.8291665608506473
2025-09-24,UNH,BUY,1,0.7949284911155701,858.1069897686807,,
2025-09-25,GS,SELL,22,0.5398978590965271,437.3907516109281,5.061566464161615,1.1707667763496747
2025-09-25,ORCL,BUY,2,0.7375105619430542,218.4766804296586,,
2025-09-25,COST,BUY,3,0.717594563961029,218.4766804296586,,
2025-09-26,UNH,SELL,30,0.4550125896930694,856.3061846554513,-1.800805113229444,-0.2098578772461562
2025-09-26,ORCL,SELL,14,0.5269643664360046,217.71923263936208,-0.75744779029651,-0.346695028873061
2025-09-26,COST,SELL,17,0.5166677236557007,218.47742293671152,0.0007425070529336,0.000339856432949
2025-10-01,CVX,BUY,1,0.7328656911849976,258.24206747825866,,
2025-10-01,WFC,BUY,2,0.7280066609382629,258.24206747825866,,
2025-10-01,MS,BUY,3,0.720787763595581,258.24206747825866,,
2025-10-01,AVGO,BUY,4,0.7145327925682068,258.24206747825866,,
2025-10-02,CVX,SELL,13,0.2044072896242141,258.2866169413484,0.0445494630897655,0.0172510480282288
2025-10-02,WFC,SELL,11,0.2135850489139557,258.52863010565414,0.2865626273954831,0.1109666717718672
2025-10-02,MS,SELL,8,0.2392621636390686,261.78795430010604,3.545886821847376,1.373086444231594
2025-10-02,AVGO,SELL,25,0.1665604412555694,258.1287705812014,-0.1132968970572392,-0.0438723629204129
2025-10-08,WMT,BUY,1,0.7035027146339417,1293.9373074346404,,
2025-10-09,WMT,SELL,27,0.620514452457428,1293.532479338271,-0.4048280963693287,-0.031286530965858
2025-10-09,NKE,BUY,1,0.7231511473655701,1292.2389468589329,,
2025-10-10,NKE,SELL,11,0.4348847866058349,1333.701073372761,41.4621265138278,3.208549519004244
2025-10-13,CAT,BUY,1,0.7331780195236206,1332.367372299388,,
2025-10-14,CAT,SELL,28,0.5543816685676575,1347.6392356246686,15.27186332528072,1.1462201523987092
2025-10-17,WFC,BUY,1,0.7115756869316101,1346.291596389044,,
2025-10-21,WFC,SELL,30,0.4728845059871673,1311.4858506693347,-34.80574571970919,-2.585305131003077
2025-10-23,ORCL,BUY,1,0.7714030146598816,1310.1743648186653,,
2025-10-24,ORCL,SELL,12,0.6323871612548828,1299.9484440772308,-10.225920741434493,-0.780500749825754
2025-10-28,COST,BUY,1,0.7670277953147888,324.6621239082884,,
2025-10-28,JNJ,BUY,2,0.7193527817726135,324.6621239082884,,
2025-10-28,CVX,BUY,3,0.7152101397514343,324.6621239082884,,
2025-10-28,WMT,BUY,4,0.7005797624588013,324.6621239082884,,
2025-10-29,COST,SELL,10,0.7517252564430237,327.09590846238603,2.433784554097656,0.7496361216392335
2025-10-29,JNJ,SELL,15,0.735461413860321,328.5959064016409,3.93378249335251,1.2116542718311478
2025-10-29,CVX,SELL,14,0.7382541298866272,321.0334400994491,-3.6286838088392974,-1.1176800561633549
2025-10-29,WMT,SELL,24,0.6777055859565735,323.6094095575811,-1.0527143507072765,-0.3242492034594866
2025-10-29,ORCL,BUY,1,0.8340083956718445,259.8068659713072,,
2025-10-29,HON,BUY,2,0.8006079792976379,259.8068659713072,,
2025-10-29,MS,BUY,3,0.797005295753479,259.8068659713072,,
2025-10-29,GE,BUY,4,0.7890298366546631,259.8068659713072,,
2025-10-29,CRM,BUY,5,0.7839277386665344,259.8068659713072,,
2025-10-30,ORCL,SELL,30,0.4732479155063629,265.3261921564843,5.519326185177079,2.1243958139992447
2025-10-30,MS,SELL,36,0.400608479976654,257.5681901739042,-2.2386757974030047,-0.861669220724229
2025-10-30,GE,SELL,17,0.5890516638755798,258.0436591436608,-1.7632068276464563,-0.6786605969994585
2025-10-30,CRM,SELL,35,0.4216699600219726,263.3495118623343,3.542645891027064,1.363569002606078
2025-10-30,CVX,BUY,1,0.7135606408119202,1043.2432657830475,,
2025-10-31,HON,SELL,35,0.3187526762485504,256.51203254012506,-3.2948334311821554,-1.268185665095561
2025-10-31,CVX,SELL,28,0.3578619658946991,1017.8828508041726,-25.36041497887493,-2.430920554262065
2025-11-03,CSCO,BUY,1,0.8196207880973816,636.5602442304767,,
2025-11-03,SBUX,BUY,2,0.7012600302696228,636.5602442304767,,
2025-11-04,CSCO,SELL,32,0.1878572404384613,633.9891708869463,-2.5710733435303155,-0.4039010237968015
2025-11-04,SBUX,SELL,21,0.266755998134613,662.1275652322865,25.567321001809887,4.016480958957412
2025-11-14,ORCL,BUY,1,0.7253201007843018,1294.8206193831136,,
2025-11-18,ORCL,SELL,32,0.4433839023113251,1326.8847039311695,32.06408454805592,2.476334101269725
2025-11-18,CSCO,BUY,1,0.7384990453720093,662.7789096136191,,
2025-11-18,MRK,BUY,2,0.7359739542007446,662.7789096136191,,
2025-11-19,CSCO,SELL,22,0.4888665974140167,637.199169609901,-25.579740003718143,-3.859468011531989
2025-11-19,MRK,SELL,35,0.4478287696838379,661.558839792628,-1.220069820991171,-0.1840839838585745
2025-11-20,ADBE,BUY,1,0.8095443248748779,259.49185027862524,,
2025-11-20,MSFT,BUY,2,0.7445240616798401,259.49185027862524,,
2025-11-20,NKE,BUY,3,0.734336256980896,259.49185027862524,,
2025-11-20,UNH,BUY,5,0.7041149139404297,259.49185027862524,,
2025-11-20,HON,BUY,6,0.7031280398368835,259.49185027862524,,
2025-11-21,MSFT,SELL,28,0.429587185382843,260.2646343426665,0.7727840640412751,0.2978066799444802
2025-11-21,NKE,SELL,38,0.3447003364562988,255.64108649072637,-3.8507637878988983,-1.4839632858466278
2025-11-21,HON,SELL,36,0.3553189933300018,257.37699500471507,-2.114855273910166,-0.8149987260252582
2025-11-24,UNH,SELL,13,0.5057544112205505,264.3445737690063,4.852723490381038,1.870087050969232
2025-11-24,ORCL,BUY,1,0.8552939295768738,1036.589662317507,,
2025-11-25,ADBE,SELL,19,0.5638219118118286,253.898809279394,-5.5930409992312775,-2.155382141375862
2025-11-25,CRM,BUY,2,0.779570460319519,84.5483034900382,,
2025-11-25,NVDA,BUY,3,0.7599595189094543,84.5483034900382,,
2025-11-25,NKE,BUY,4,0.728940486907959,84.5483034900382,,
2025-11-26,CRM,SELL,29,0.4688718616962433,85.34856048457002,0.8002569945318214,0.9465086364815242
2025-11-26,NVDA,SELL,36,0.4199665486812591,82.93623168535089,-1.6120718046873035,-1.9066873469285448
2025-11-26,NKE,SELL,28,0.4689973592758178,84.85764200747694,0.3093385174387464,0.3658719390805918
2025-11-28,ORCL,SELL,15,0.5004230737686157,1056.1033255683303,19.513663250823583,1.8824867698561476
2025-12-04,TSLA,BUY,1,0.7204095125198364,653.9682569929913,,
2025-12-04,META,BUY,2,0.7026762366294861,653.9682569929913,,
2025-12-05,TSLA,SELL,13,0.5720754861831665,631.173376417669,-22.79488057532228,-3.48562492622124
2025-12-05,META,SELL,18,0.5623566508293152,646.8919408532831,-7.076316139708183,-1.0820580454846176
2025-12-12,NFLX,BUY,1,0.7610585689544678,1276.787251953681,,
2025-12-17,NFLX,SELL,23,0.3755173087120056,1278.639095385186,1.8518434315049035,0.1450393108696298
2026-01-02,GS,BUY,8,0.7211974263191223,1277.3604562898008,,
2026-01-05,GS,SELL,15,0.5598031878471375,1285.5415999454565,8.181143655655433,0.6404725945108902
2026-01-07,INTC,BUY,1,0.7499536275863647,1284.2560583455108,,
2026-01-08,INTC,SELL,30,0.5164579749107361,1421.5364570107902,137.28039866527934,10.689488110504673
2026-01-08,AMD,BUY,1,0.8262438178062439,1420.1149205537797,,
2026-01-13,AMD,SELL,37,0.5271638631820679,1561.3533989148923,141.2384783611128,9.945566821172212
2026-01-13,MSFT,BUY,4,0.8178357481956482,519.9306818386591,,
2026-01-13,META,BUY,10,0.7501044869422913,519.9306818386591,,
2026-01-13,COST,BUY,16,0.7144230604171753,519.9306818386591,,
2026-01-14,MSFT,SELL,36,0.2683257162570953,516.3353062916194,-3.59537554703968,-0.691510555661989
2026-01-14,META,SELL,35,0.3061890006065368,523.8662882537162,3.935606415057123,0.7569482918644893
2026-01-14,COST,SELL,10,0.5872935652732849,522.5622477608171,2.631565922157961,0.5061378399235473
2026-01-15,CAT,BUY,1,0.7096067667007446,1561.201078463847,,
2026-01-20,CAT,SELL,13,0.4370108246803283,1555.9992717300463,-5.201806733800595,-0.3331926172456237
2026-01-23,NKE,BUY,1,0.8697076439857483,310.88865449166326,,
2026-01-23,WMT,BUY,2,0.8642765879631042,310.88865449166326,,
2026-01-23,CVX,BUY,3,0.8571065068244934,310.88865449166326,,
2026-01-23,DIS,BUY,4,0.8508004546165466,310.88865449166326,,
2026-01-23,MRK,BUY,5,0.8306707739830017,310.88865449166326,,
2026-01-26,NKE,SELL,36,0.4426011443138122,301.4979525792687,-9.390701912394547,-3.0205997474399204
2026-01-26,WMT,SELL,20,0.5353800654411316,308.7297252947893,-2.1589291968739417,-0.6944380779684693
2026-01-26,CVX,SELL,11,0.5720686912536621,313.45177470198195,2.5631202103186865,0.8244495813170367
2026-01-26,DIS,SELL,31,0.4862510859966278,308.624630511987,-2.264023979676267,-0.7282427155079662
2026-01-26,MRK,SELL,29,0.498392641544342,312.08148458346494,1.1928300918016816,0.383684021455234
2026-01-27,WMT,BUY,1,0.8152775168418884,308.56823642076404,,
2026-01-27,MRK,BUY,2,0.8062085509300232,308.56823642076404,,
2026-01-27,GE,BUY,5,0.7770573496818542,308.56823642076404,,
2026-01-27,HON,BUY,6,0.7753094434738159,308.56823642076404,,
2026-01-27,COST,BUY,7,0.7711277008056641,308.56823642076404,,
2026-01-28,WMT,SELL,17,0.4698419868946075,310.480988806345,1.9127523855809727,0.6198798709056823
2026-01-28,MRK,SELL,30,0.4283072650432586,312.4120752620031,3.8438388412390623,1.2457014000616702
2026-01-28,GE,SELL,27,0.4378799498081207,314.9838500325985,6.415613611834488,2.07915554959654
2026-01-28,HON,SELL,22,0.4513801634311676,323.3425447234293,14.774308302665249,4.788019815013941
2026-01-30,COST,SELL,18,0.5769281983375549,310.6916449813421,2.1234085605780706,0.6881487820031443
2026-01-30,ADBE,BUY,1,0.867592990398407,314.06783854038247,,
2026-01-30,CRM,BUY,2,0.8572679758071899,314.06783854038247,,
2026-01-30,QCOM,BUY,3,0.8535842895507812,314.06783854038247,,
2026-01-30,NFLX,BUY,4,0.8316869735717773,314.06783854038247,,
2026-01-30,ORCL,BUY,5,0.8289576768875122,314.06783854038247,,
2026-02-02,ADBE,SELL,31,0.4610999524593353,290.8141630273353,-23.253675513047146,-7.404029531045794
2026-02-02,CRM,SELL,13,0.5460304021835327,292.27725314736534,-21.790585393017125,-6.938177909042833
2026-02-02,QCOM,SELL,37,0.4131271541118622,302.5702997725718,-11.49753876781068,-3.660845638077756
2026-02-02,NFLX,SELL,34,0.4334502518177032,303.06279058112256,-11.005047959259912,-3.5040353098252357
2026-02-02,ORCL,SELL,35,0.4256692230701446,303.18815369335914,-10.879684847023327,-3.4641193754783117
2026-02-03,INTC,BUY,1,0.9264071583747864,298.0841495123065,,
2026-02-03,WFC,BUY,2,0.9031640887260436,298.0841495123065,,
2026-02-03,AVGO,BUY,3,0.8823886513710022,298.0841495123065,,
2026-02-03,BA,BUY,4,0.8686366677284241,298.0841495123065,,
2026-02-04,INTC,SELL,23,0.3629340529441833,295.5802622210885,-2.503887291218007,-0.8399934365227404
2026-02-04,WFC,SELL,16,0.4212376177310943,294.1732519832453,-3.910897529061231,-1.3120112342302748
2026-02-04,AVGO,SELL,24,0.3576350510120392,300.16412182431776,2.0799723120112503,0.6977802460863078
2026-02-04,BA,SELL,36,0.2692226767539978,299.04813812911897,0.9639886168124576,0.3233947925072947
2026-02-04,AMD,BUY,1,0.7429762482643127,742.9304789479596,,
2026-02-04,META,BUY,2,0.7374269962310791,742.9304789479596,,
2026-02-05,META,SELL,31,0.411187082529068,732.497838025725,-10.432640922234668,-1.4042553398815998
2026-02-05,ORCL,BUY,1,0.8321493864059448,731.7653401876992,,
2026-02-06,AMD,SELL,13,0.3523611426353454,832.7922621782158,89.86178323025615,12.095584415584428
2026-02-06,ORCL,SELL,34,0.1516952961683273,801.5161667677299,69.75082658003078,9.531857106287593
2026-02-09,HON,BUY,1,0.7763829231262207,544.224706839,,
2026-02-09,INTC,BUY,2,0.7558837532997131,544.224706839,,
2026-02-10,HON,SELL,28,0.462437629699707,542.2505685052815,-1.9741383337184288,-0.3627432398622148
2026-02-10,INTC,SELL,7,0.6374567151069641,557.0619644580952,12.837257619095226,2.3588156615779883
2026-02-10,AMD,BUY,1,0.9071657061576844,821.2189636347065,,
2026-02-10,ORCL,BUY,2,0.8900922536849976,821.2189636347065,,
2026-02-11,AMD,SELL,39,0.3560424745082855,791.0511849987206,-30.167778635985883,-3.673536531896878
2026-02-11,QCOM,BUY,1,0.7280546426773071,790.2601338137218,,
2026-02-12,ORCL,SELL,35,0.2275259792804718,835.9537494880398,14.734785853333278,1.7942578661502495
2026-02-17,QCOM,SELL,34,0.4755106270313263,816.6654729955332,26.405339181811318,3.341347747656408
2026-02-19,NFLX,BUY,1,0.8292064070701599,330.19332065221784,,
2026-02-19,AMZN,BUY,2,0.821993350982666,330.19332065221784,,
2026-02-19,NVDA,BUY,3,0.7936757206916809,330.19332065221784,,
2026-02-19,UNH,BUY,4,0.7586511373519897,330.19332065221784,,
2026-02-19,CRM,BUY,5,0.7560387253761292,330.19332065221784,,
2026-02-20,NFLX,SELL,12,0.5803645849227905,318.7516768281271,-11.44164382409076,-3.465134849333273
2026-02-20,AMZN,SELL,16,0.5606020092964172,322.26455361469294,-7.928767037524892,-2.401249977396124
2026-02-20,NVDA,SELL,19,0.549662709236145,332.8694584817988,2.6761378295809664,0.8104760642325826
2026-02-20,CRM,SELL,8,0.6261932849884033,317.3926053740557,-12.800715278162158,-3.87673356107792
2026-02-23,UNH,SELL,38,0.2540498375892639,311.6069233073514,-18.58639734486644,-5.62894407075027
2026-02-26,AMZN,BUY,1,0.7855247855186462,800.64116619421,,
2026-02-26,BA,BUY,2,0.7325512170791626,800.64116619421,,
2026-03-02,AMZN,SELL,35,0.5620058178901672,795.0033779610017,-5.637788233208312,-0.7041591753278352
2026-03-02,BA,SELL,19,0.736833393573761,787.85327440576,-12.787891788449995,-1.5972063801361
2026-03-02,COST,BUY,1,0.8525139093399048,316.2547591428789,,
2026-03-02,TXN,BUY,2,0.8082631230354309,316.2547591428789,,
2026-03-02,PEP,BUY,3,0.7972702980041504,316.2547591428789,,
2026-03-02,PFE,BUY,5,0.7866060733795166,316.2547591428789,,
2026-03-02,WMT,BUY,6,0.7843303680419922,316.2547591428789,,
2026-03-03,COST,SELL,37,0.25147345662117,315.6155875384051,-0.6391716044738018,-0.2021065568170736
2026-03-03,TXN,SELL,20,0.3596591353416443,315.5020194754637,-0.7527396674151987,-0.2380168663565068
2026-03-03,PEP,SELL,36,0.2535154819488525,314.04182833076106,-2.212930812117861,-0.6997304382439644
2026-03-03,PFE,SELL,31,0.2946868240833282,316.4139682461124,0.1592091032334792,0.0503420418604834
2026-03-03,WMT,SELL,32,0.2951904833316803,315.69148868621926,-0.5632704566596658,-0.1781065550400742
2026-03-09,GS,BUY,1,0.7909405827522278,315.1375254769369,,
2026-03-09,JPM,BUY,2,0.7611442804336548,315.1375254769369,,
2026-03-09,AMD,BUY,3,0.759726345539093,315.1375254769369,,
2026-03-09,MS,BUY,4,0.7374164462089539,315.1375254769369,,
2026-03-09,WFC,BUY,5,0.7328696250915527,315.1375254769369,,
2026-03-10,GS,SELL,34,0.3850626349449157,311.0278050547214,-4.109720422215503,-1.3041037927792796
2026-03-10,JPM,SELL,27,0.4151735305786133,313.5030169390597,-1.6345085378771955,-0.51866515591994
2026-03-10,AMD,SELL,25,0.4302435517311096,317.3009479713155,2.163422494378608,0.686501073175729
2026-03-10,MS,SELL,35,0.373329222202301,315.09657110642644,-0.0409543705104624,-0.0129957136803943
2026-03-10,WFC,SELL,21,0.4441355168819427,309.11294224374063,-6.024583233196267,-1.9117314652003168
2026-03-13,NFLX,BUY,1,0.7139011025428772,1564.4752420319485,,
2026-03-17,NFLX,SELL,30,0.516994297504425,1554.702201575153,-9.773040456795798,-0.6246848907690301
2026-03-17,CRM,BUY,1,0.746322751045227,1553.1474993735776,,
2026-03-18,CRM,SELL,10,0.3756152689456939,1556.783970856368,3.636471482790285,0.2341356171424132
2026-03-24,NKE,BUY,1,0.8601750731468201,311.0454373771023,,
2026-03-24,MRK,BUY,2,0.8123881816864014,311.0454373771023,,
2026-03-24,BAC,BUY,3,0.808251678943634,311.0454373771023,,
2026-03-24,JPM,BUY,4,0.8009293675422668,311.0454373771023,,
2026-03-24,MS,BUY,5,0.7979545593261719,311.0454373771023,,
2026-03-25,MRK,SELL,7,0.7336075305938721,309.589012967316,-1.4564244097863366,-0.4682352591530255
2026-03-25,BAC,SELL,26,0.5954404473304749,307.4836428457375,-3.5617945313647965,-1.1451042527418855
2026-03-25,JPM,SELL,20,0.6596202254295349,306.77946574954444,-4.26597162755786,-1.3714946804977317
2026-03-25,MS,SELL,8,0.7241376042366028,306.19484055288734,-4.850596824214961,-1.5594495984630825
2026-03-25,KO,BUY,1,0.7785171270370483,307.20422878834245,,
2026-03-25,PEP,BUY,2,0.769878625869751,307.20422878834245,,
2026-03-25,PFE,BUY,3,0.754324734210968,307.20422878834245,,
2026-03-25,JNJ,BUY,4,0.7456108927726746,307.20422878834245,,
2026-03-26,NKE,SELL,30,0.0306085012853145,301.29153491815526,-9.75390245894704,-3.1358448917293376
2026-03-26,KO,SELL,38,0.0200845394283533,311.0881334708624,3.883904682519926,1.2642744853606356
2026-03-26,PEP,SELL,36,0.0238697528839111,311.39374135085416,4.189512562511709,1.363754847723206
2026-03-26,JNJ,SELL,31,0.0274005159735679,308.449201322552,1.2449725342095237,0.4052589181860789
2026-03-27,AAPL,BUY,2,0.7110978364944458,1230.9903884513612,,
2026-03-30,PFE,SELL,16,0.6305277943611145,312.5741212044956,5.369892416153164,1.7479877921384055
2026-03-30,AAPL,SELL,22,0.6156710982322693,1265.4609058060105,34.470517354649246,2.800226360663517
2026-03-30,XOM,BUY,1,0.7397273778915405,788.2284959917479,,
2026-03-30,CVX,BUY,2,0.728233814239502,788.2284959917479,,
2026-03-31,XOM,SELL,32,0.6449858546257019,746.2256425437755,-42.00285344797237,-5.3287661714290655
2026-03-31,CVX,SELL,38,0.5863754749298096,751.3223328938483,-36.9061630978996,-4.682165550417499
2026-04-01,CVX,BUY,1,0.7230315804481506,1496.0504274621862,,
2026-04-06,CVX,SELL,8,0.5843741297721863,1513.85875893535,17.808331473163662,1.190356364081436
2026-04-06,WFC,BUY,1,0.7113615870475769,1512.3449001764145,,
2026-04-07,WFC,SELL,38,0.4878466427326202,1564.6127175843474,52.26781740793285,3.4560778696602763
2026-04-07,META,BUY,1,0.7861835360527039,312.6096209733526,,
2026-04-07,GE,BUY,2,0.7855890989303589,312.6096209733526,,
2026-04-07,JPM,BUY,3,0.7301459312438965,312.6096209733526,,
2026-04-07,NVDA,BUY,4,0.7271220684051514,312.6096209733526,,
2026-04-07,AMD,BUY,5,0.7113767862319946,312.6096209733526,,
2026-04-08,META,SELL,21,0.3923277556896209,320.44075800050183,7.831137027149225,2.505085097114386
2026-04-08,GE,SELL,12,0.4307236075401306,317.3252218309553,4.715600857602681,1.5084631250055631
2026-04-08,JPM,SELL,28,0.3611764907836914,314.69015474039446,2.0805337670418567,0.6655373435289136
2026-04-08,AMD,SELL,40,0.2681184411048889,318.7902779782863,6.180657004933721,1.97711669451804
2026-04-09,NVDA,SELL,21,0.3934177160263061,323.5313388833671,10.92171791001448,3.4937241777806527
2026-04-09,ORCL,BUY,1,0.7171540856361389,1593.1829736820714,,
2026-04-13,ORCL,SELL,41,0.4166528880596161,1878.696087808372,285.51311412630025,17.92092426561897
2026-04-15,MRK,BUY,1,0.7871622443199158,469.2043479301408,,
2026-04-15,NKE,BUY,2,0.746936023235321,469.2043479301408,,
2026-04-15,COST,BUY,3,0.7226300835609436,469.2043479301408,,
2026-04-16,NKE,SELL,36,0.4735922515392303,471.417188968234,2.212841038093188,0.4716156292785793
2026-04-16,CRM,BUY,2,0.7559970021247864,313.38337323646886,,
2026-04-16,ADBE,BUY,3,0.7387957572937012,313.38337323646886,,
